number,food_code,thai_name,english_name,scientific_name,Ash (g),Calcium (mg),"Carbohydrate, available (g)","Carbohydrate, total (g)",Cholesterol (mg),Copper (mg),Density (g/mL),Dietary fibre (g),Edible portion (%),"Energy, by calculation (kcal)","Fat, total (g)","Fatty acids, total monounsaturated (g)","Fatty acids, total omega-3 polyunsaturated (g)","Fatty acids, total omega-6 polyunsaturated (g)","Fatty acids, total polyunsaturated (g)","Fatty acids, total saturated (g)",Iron (mg),Magnesium (mg),Moisture (g),Niacin (mg),Phosphorus (mg),Potassium (mg),"Protein, total (g)",Retinol (mcg),Riboflavin (mg),Sodium (mg),"Sugars, total (g)",Thiamin (mg),Total energy - by calculation (kcal),Vitamin A; retinol activity equivalent (mcg),Vitamin C (mg),Zinc (mg),b-carotene (mcg),detail_url
1,T284,"กบ, ทอดกรอบ, ผัดเผ็ด","Frog, fried, spicy",Hoplobatrachus rugulosus,9.80,-,26.40,-,-,-,-,0.0,-,510,31.30,-,-,-,-,-,-,-,1.7,-,-,-,30.80,-,-,-,-,-,-,-,-,4.90,-,"https://inmu.mahidol.ac.th/thaifcd//foodsearch/food_name/?dbcode=STD&food_group_id=84&id=1445&name=Frog, fried, spicy"
2,T174,กระเพราไก่,"Kra-pao-gai (Chicken, stir fried with chilli and basil, Thai style)",-,1.07,15,1.06,-,156,0.11,-,1.2,-,155,6.72,-,-,-,-,0.46,1.42,36,68.0,-,166,275,21.94,13,0.07,314,1.05,0.13,-,25,2,0.86,136,"https://inmu.mahidol.ac.th/thaifcd//foodsearch/food_name/?dbcode=STD&food_group_id=84&id=1446&name=Kra-pao-gai (Chicken, stir fried with chilli and basil, Thai style)"
3,T182,"แกงกรุหม่า, กะทิ","Kurma curry, with coconut milk",-,2.25,-,8.25,-,34,-,-,1.4,-,216,15.25,3.72,0.36,4.86,5.22,5.64,-,-,62.1,-,-,279,10.80,-,-,360,1.15,-,-,-,-,-,-,"https://inmu.mahidol.ac.th/thaifcd//foodsearch/food_name/?dbcode=STD&food_group_id=84&id=1447&name=Kurma curry, with coconut milk"
4,T181,"แกงกรุหม่า, ไก่","Kurma curry, chicken",-,2.67,230,3.80,-,37,-,-,0.0,-,119,5.60,2.18,0.06,0.85,0.92,2.25,1.07,-,74.5,-,-,-,13.43,-,0.02,491,3.10,0.06,-,-,-,-,-,"https://inmu.mahidol.ac.th/thaifcd//foodsearch/food_name/?dbcode=STD&food_group_id=84&id=1448&name=Kurma curry, chicken"
5,T183,"แกงกรุหม่า, ไม่ใส่กะทิ","Kurma curry, without coconut milk",-,2.25,-,8.40,-,30,-,-,2.3,-,155,7.95,2.27,0.27,3.03,3.30,2.03,-,-,67.9,-,-,267,11.20,-,-,360,0.35,-,-,-,-,-,-,"https://inmu.mahidol.ac.th/thaifcd//foodsearch/food_name/?dbcode=STD&food_group_id=84&id=1449&name=Kurma curry, without coconut milk"
6,T17,"แกงกะหรี่, กุ้ง/ปลา/ปลาหมึก, บรรจุกระป๋อง","Curry, yellow (Kari), prawn/fish/squid, canned",-,2.12,25,5.30,-,29,-,-,0.8,-,137,10.31,-,-,-,-,7.51,1.24,-,76.2,-,-,-,5.29,0,-,404,3.52,-,-,-,-,-,-,"https://inmu.mahidol.ac.th/thaifcd//foodsearch/food_name/?dbcode=STD&food_group_id=84&id=1450&name=Curry, yellow (Kari), prawn/fish/squid, canned"
7,T179,"แกงกะหรี่, ไก่","Curry, yellow (Kari), chicken",-,2.11,-,6.50,-,47,-,-,1.5,-,117,5.65,1.81,0.15,1.08,1.24,2.14,0.84,-,75.0,-,-,381,9.25,-,-,368,5.33,-,-,-,-,-,-,"https://inmu.mahidol.ac.th/thaifcd//foodsearch/food_name/?dbcode=STD&food_group_id=84&id=1451&name=Curry, yellow (Kari), chicken"
8,T18,"แกงกะหรี่, ไก่/เนื้อ, บรรจุกระป๋อง","Curry, yellow (Kari), beef/chicken, canned",-,2.54,16,7.38,-,-,-,-,1.2,-,138,7.95,-,-,-,-,-,1.03,-,72.2,-,-,-,8.69,0,0.07,552,4.75,0.02,-,-,-,-,-,"https://inmu.mahidol.ac.th/thaifcd//foodsearch/food_name/?dbcode=STD&food_group_id=84&id=1452&name=Curry, yellow (Kari), beef/chicken, canned"
9,T180,"แกงกะหรี่, เนื้อ","Curry, yellow (Kari), beef",-,3.05,-,-,10.25,38,-,-,-,-,-,7.95,2.30,0.12,0.81,0.94,4.33,2.00,-,63.6,-,-,-,15.20,-,-,552,-,-,173,-,-,-,-,"https://inmu.mahidol.ac.th/thaifcd//foodsearch/food_name/?dbcode=STD&food_group_id=84&id=1453&name=Curry, yellow (Kari), beef"
10,T286,แกงขนุน,"Curry, young jackfruit",-,1.85,21,-,3.40,-,-,-,-,-,-,3.90,-,-,-,-,-,1.42,-,87.5,1.30,31,-,3.40,0,0.07,-,-,8.52,62,4,1,-,54,"https://inmu.mahidol.ac.th/thaifcd//foodsearch/food_name/?dbcode=STD&food_group_id=84&id=1454&name=Curry, young jackfruit"
11,T287,แกงขี้เหล็ก (ใบและดอก),"Curry, cassia leaves and flowers",-,2.00,18,-,2.40,-,-,-,-,-,-,10.95,-,-,-,-,-,1.52,-,80.5,1.90,58,-,4.15,0,0.04,-,-,72.53,125,75,1,-,898,"https://inmu.mahidol.ac.th/thaifcd//foodsearch/food_name/?dbcode=STD&food_group_id=84&id=1455&name=Curry, cassia leaves and flowers"
12,T184,"แกงเขียวหวาน, ไก่","Curry, green, chicken",-,2.38,23,3.03,-,16,0.11,-,1.4,-,101,6.05,1.93,0.12,1.94,2.08,3.52,0.58,24,79.2,-,94,371,7.90,0,-,420,1.45,-,-,-,2,0.41,192,"https://inmu.mahidol.ac.th/thaifcd//foodsearch/food_name/?dbcode=STD&food_group_id=84&id=1456&name=Curry, green, chicken"
13,T20,"แกงเขียวหวาน, ไก่/เนื้อ, บรรจุกระป๋อง","Curry, green, chicken/beef, canned",-,2.78,25,7.38,-,-,-,-,0.8,-,137,8.03,-,-,-,-,-,0.94,-,72.6,-,-,481,8.49,-,0.09,657,3.37,0.01,-,-,-,-,-,"https://inmu.mahidol.ac.th/thaifcd//foodsearch/food_name/?dbcode=STD&food_group_id=84&id=1457&name=Curry, green, chicken/beef, canned"
14,T185,"แกงเขียวหวาน, ลูกชิ้นปลา","Curry, green, fish ball",-,2.87,-,4.87,-,15,-,-,1.6,-,107,7.13,1.75,0.12,1.65,1.75,3.43,-,-,78.4,-,-,368,5.13,-,-,417,4.97,-,-,-,-,-,-,"https://inmu.mahidol.ac.th/thaifcd//foodsearch/food_name/?dbcode=STD&food_group_id=84&id=1458&name=Curry, green, fish ball"
15,T285,แกงเขียวหวานหมู,"Curry, green, pork",-,1.90,15,-,2.90,-,-,-,-,-,-,6.20,-,-,-,-,-,1.10,-,82.7,3.30,64,-,6.30,0,0.06,-,-,0.12,93,3,-,-,40,"https://inmu.mahidol.ac.th/thaifcd//foodsearch/food_name/?dbcode=STD&food_group_id=84&id=1459&name=Curry, green, pork"
16,T186,แกงซุปไก่,"Soup, chicken, with onion, potato and tomato",-,1.53,-,1.67,-,16,-,-,0.9,-,41,0.70,0.23,0.03,0.24,0.27,0.18,-,-,88.7,-,-,232,6.47,-,-,291,0.85,-,-,-,-,-,-,"https://inmu.mahidol.ac.th/thaifcd//foodsearch/food_name/?dbcode=STD&food_group_id=84&id=1460&name=Soup, chicken, with onion, potato and tomato"
17,T288,แกงไตปลา,"Curry, fermented fish viscera, southern style",-,3.60,17,-,4.30,-,-,-,-,-,-,1.10,-,-,-,-,-,3.79,-,86.3,2.70,68,-,4.75,61,0.10,-,-,26.53,46,62,0,-,5,"https://inmu.mahidol.ac.th/thaifcd//foodsearch/food_name/?dbcode=STD&food_group_id=84&id=1461&name=Curry, fermented fish viscera, southern style"
18,T289,แกงบอน,"Curry, Gaeng-bon",-,2.40,50,-,7.50,-,-,-,-,-,-,0.30,-,-,-,-,-,0.70,-,88.2,1.70,26,-,1.60,0,0.02,-,-,0.03,39,4,2,-,50,"https://inmu.mahidol.ac.th/thaifcd//foodsearch/food_name/?dbcode=STD&food_group_id=84&id=1462&name=Curry, Gaeng-bon"
19,T290,แกงป่าฟักทองใส่หมู,"Curry, pumpkin with pork",-,1.30,49,3.30,-,-,-,-,1.9,-,47,0.80,-,-,-,-,-,2.30,-,87.1,-,174,-,5.60,15,-,214,-,-,-,15,-,-,-,"https://inmu.mahidol.ac.th/thaifcd//foodsearch/food_name/?dbcode=STD&food_group_id=84&id=1463&name=Curry, pumpkin with pork"
20,T187,"แกงเผ็ด, ไก่","Curry, red, chicken",-,2.85,-,3.66,-,35,-,-,2.4,-,168,12.46,3.93,0.17,4.16,4.32,2.65,-,-,71.0,-,-,434,9.22,-,-,384,3.30,-,-,-,-,-,-,"https://inmu.mahidol.ac.th/thaifcd//foodsearch/food_name/?dbcode=STD&food_group_id=84&id=1464&name=Curry, red, chicken"
21,T26,"แกงเผ็ด, ไก่/เนื้อ, บรรจุกระป๋อง","Curry, red, chicken/beef, canned",-,3.05,25,5.30,-,-,-,-,1.9,-,141,8.68,-,-,-,-,-,1.32,-,71.6,-,-,-,9.44,-,0.10,622,5.00,0.02,-,-,-,-,-,"https://inmu.mahidol.ac.th/thaifcd//foodsearch/food_name/?dbcode=STD&food_group_id=84&id=1465&name=Curry, red, chicken/beef, canned"
22,T28,"แกงพะแนง, ไก่/เนื้อ, บรรจุกระป๋อง","Curry, Pha-naeng, chicken/beef, canned",-,2.29,18,5.31,-,-,-,-,1.0,-,150,8.09,-,-,-,-,-,1.20,-,69.8,-,-,-,13.43,-,0.12,504,3.79,0.01,-,-,-,-,-,"https://inmu.mahidol.ac.th/thaifcd//foodsearch/food_name/?dbcode=STD&food_group_id=84&id=1466&name=Curry, Pha-naeng, chicken/beef, canned"
23,T188,"แกงพะแนง, ไก่/หมู","Curry, Pha-naeng, chicken/pork",-,2.23,-,5.80,-,48,-,-,1.3,-,204,13.27,4.22,0.15,4.46,4.62,5.97,-,-,66.6,-,-,375,14.73,-,-,326,5.80,-,-,-,-,-,-,"https://inmu.mahidol.ac.th/thaifcd//foodsearch/food_name/?dbcode=STD&food_group_id=84&id=1467&name=Curry, Pha-naeng, chicken/pork"
24,T189,"แกงมัสมั่น, ไก่","Curry, Mat-sa-man, chicken",-,2.94,18,12.65,-,18,0.17,-,1.7,-,194,10.99,4.16,0.11,2.08,2.25,3.58,1.01,36,61.4,-,127,619,10.28,0,-,313,5.69,-,-,8,1,0.63,92,"https://inmu.mahidol.ac.th/thaifcd//foodsearch/food_name/?dbcode=STD&food_group_id=84&id=1468&name=Curry, Mat-sa-man, chicken"
25,T32,"แกงมัสมั่น, ไก่/เนื้อ, บรรจุกระป๋อง","Curry, Mat-sa-man, beef/chicken, canned",-,2.96,16,10.45,-,-,-,-,1.2,-,140,6.93,-,-,-,-,-,0.69,-,70.0,-,-,-,8.48,3,0.06,616,6.17,0.02,-,-,-,-,-,"https://inmu.mahidol.ac.th/thaifcd//foodsearch/food_name/?dbcode=STD&food_group_id=84&id=1469&name=Curry, Mat-sa-man, beef/chicken, canned"
26,T190,"แกงมัสมั่น, เนื้อ","Curry, Mat-sa-man, beef",-,3.07,-,-,15.50,38,-,-,-,-,-,8.73,2.69,0.05,1.00,1.05,4.59,1.93,-,58.2,-,-,-,14.50,-,-,649,-,-,199,-,-,-,-,"https://inmu.mahidol.ac.th/thaifcd//foodsearch/food_name/?dbcode=STD&food_group_id=84&id=1470&name=Curry, Mat-sa-man, beef"
27,T191,แกงส้มผักรวม,"Soup,tamarind, mixed vegetables",-,2.02,22,3.93,-,17,0.06,-,1.9,-,31,0.16,-,-,-,-,0.04,0.83,20,91.2,1.00,35,83,2.53,0,0.04,300,3.70,0.03,-,6,3,0.38,64,"https://inmu.mahidol.ac.th/thaifcd//foodsearch/food_name/?dbcode=STD&food_group_id=84&id=1471&name=Soup,tamarind, mixed vegetables"
28,T291,แกงหมูชะมวง,Gaeng-moo-chamoung,-,2.30,44,-,24.40,-,-,-,-,-,-,6.50,-,-,-,-,-,1.10,-,56.5,2.90,100,-,10.30,0,0.18,-,-,0.03,197,12,3,-,142,https://inmu.mahidol.ac.th/thaifcd//foodsearch/food_name/?dbcode=STD&food_group_id=84&id=1472&name=Gaeng-moo-chamoung
29,T292,"แกงหอยขม, ภาคกลาง","Curry, river snail, central style",-,3.90,633,-,4.40,-,-,-,-,-,-,10.00,-,-,-,-,-,16.20,-,76.2,2.80,69,-,5.50,0,0.16,-,-,0.07,130,15,3,-,184,"https://inmu.mahidol.ac.th/thaifcd//foodsearch/food_name/?dbcode=STD&food_group_id=84&id=1473&name=Curry, river snail, central style"
30,T293,"แกงหอยขม, ภาคอีสาน","Curry, river snail, northeastern style",-,2.80,401,-,5.10,-,-,-,-,-,-,0.30,-,-,-,-,-,11.40,-,86.4,2.30,61,-,5.40,0,0.14,-,-,0.05,45,30,-,-,366,"https://inmu.mahidol.ac.th/thaifcd//foodsearch/food_name/?dbcode=STD&food_group_id=84&id=1474&name=Curry, river snail, northeastern style"
31,T192,แกงเหลืองไก่,"Soup, spicy, yellow (turmeric), with chicken, southern style (Gaeng luang)",-,2.77,-,2.57,-,14,-,-,1.6,-,46,1.13,0.29,0.06,0.24,0.28,0.50,-,-,86.8,-,-,375,5.67,-,-,417,2.57,-,-,-,-,-,-,"https://inmu.mahidol.ac.th/thaifcd//foodsearch/food_name/?dbcode=STD&food_group_id=84&id=1475&name=Soup, spicy, yellow (turmeric), with chicken, southern style (Gaeng luang)"
32,T294,แกงเหลืองใส่ปลา,"Soup, spicy, yellow (turmeric), with fish, southern style",-,3.70,70,-,2.90,-,-,-,-,-,-,0.10,-,-,-,-,-,0.80,-,85.5,1.90,93,-,7.80,0,0.04,-,-,0.06,44,5,-,-,55,"https://inmu.mahidol.ac.th/thaifcd//foodsearch/food_name/?dbcode=STD&food_group_id=84&id=1476&name=Soup, spicy, yellow (turmeric), with fish, southern style"
33,T295,แกงอ่อมเนื้อ,"Soup, spicy (Gaeng Oom) with beef, northen style",-,2.00,45,-,2.10,-,-,-,-,-,-,3.60,-,-,-,-,-,1.50,-,88.8,2.00,40,-,3.50,0,0.09,-,-,0.04,55,30,-,-,361,"https://inmu.mahidol.ac.th/thaifcd//foodsearch/food_name/?dbcode=STD&food_group_id=84&id=1477&name=Soup, spicy (Gaeng Oom) with beef, northen style"
34,T296,แกงอ่อมปลา,"Soup, spicy (Gaeng Oom) with fish, northen style",-,2.50,245,-,0.00,-,-,-,-,-,-,3.80,-,-,-,-,-,1.80,-,89.0,1.70,119,-,4.70,0,0.11,-,-,0.04,53,38,-,-,462,"https://inmu.mahidol.ac.th/thaifcd//foodsearch/food_name/?dbcode=STD&food_group_id=84&id=1478&name=Soup, spicy (Gaeng Oom) with fish, northen style"
35,T297,แกงฮังเล,"Curry, Hung-le, northern style",-,2.50,49,5.30,-,-,-,-,2.8,-,215,16.00,-,-,-,-,-,1.10,-,62.3,2.70,82,-,11.10,0,0.22,-,-,0.16,-,5,-,-,63,"https://inmu.mahidol.ac.th/thaifcd//foodsearch/food_name/?dbcode=STD&food_group_id=84&id=1479&name=Curry, Hung-le, northern style"
36,T298,ไก่ผัดเครื่องแกงสะตอ,"Stink bean fried with  chilli paste, chicken",-,2.70,35,3.10,-,-,-,-,1.5,-,123,2.40,-,-,-,-,-,0.60,-,68.7,-,368,-,21.60,-,-,649,-,-,-,-,-,-,-,"https://inmu.mahidol.ac.th/thaifcd//foodsearch/food_name/?dbcode=STD&food_group_id=84&id=1480&name=Stink bean fried with  chilli paste, chicken"
37,T193,ไก่อบซอส,"Chicken, baked, with sauce",-,2.37,16,12.07,-,26,-,-,2.4,-,127,4.37,1.35,0.06,0.43,0.49,2.35,0.40,-,70.2,-,-,318,8.57,10,0.02,397,7.10,0.07,-,10,-,-,-,"https://inmu.mahidol.ac.th/thaifcd//foodsearch/food_name/?dbcode=STD&food_group_id=84&id=1481&name=Chicken, baked, with sauce"
38,T69,ซอสปรุงสำเร็จสำหรับสปาเก็ตตี้,Spaghetti sauce,-,3.24,23,9.65,-,-,-,-,0.7,-,101,4.91,-,-,-,-,-,0.81,-,77.3,-,-,-,4.18,10,0.06,642,5.36,0.05,-,10,-,-,-,https://inmu.mahidol.ac.th/thaifcd//foodsearch/food_name/?dbcode=STD&food_group_id=84&id=1482&name=Spaghetti sauce
39,T71,ซุปฟัก,"Soup, wax gourd",-,1.10,-,0.00,-,-,-,-,0.0,-,10,0.00,-,-,-,-,-,-,-,97.2,-,-,-,2.50,-,-,-,-,-,-,-,-,-,-,"https://inmu.mahidol.ac.th/thaifcd//foodsearch/food_name/?dbcode=STD&food_group_id=84&id=1483&name=Soup, wax gourd"
40,T299,ซุปมะเขือ,"Soup, Brinjal eggplants",-,1.70,43,1.90,-,-,-,-,2.8,-,63,2.10,-,-,-,-,-,1.20,-,83.9,-,218,-,7.60,-,-,307,-,-,-,-,-,-,-,"https://inmu.mahidol.ac.th/thaifcd//foodsearch/food_name/?dbcode=STD&food_group_id=84&id=1484&name=Soup, Brinjal eggplants"
41,T73,ซุปหน่อไม้,"Bamboo shoot salad, northeastern style",-,2.64,207,-,4.30,-,-,-,-,-,-,0.53,-,-,-,-,-,1.30,-,89.7,0.65,30,-,2.80,-,0.20,-,-,-,33,-,1,-,-,"https://inmu.mahidol.ac.th/thaifcd//foodsearch/food_name/?dbcode=STD&food_group_id=84&id=1485&name=Bamboo shoot salad, northeastern style"
42,T210,ซุปหางวัว,"Soup, beef tail",-,1.87,-,-,4.70,32,-,-,0.0,-,-,3.60,1.36,0.02,0.07,0.10,1.97,0.93,-,81.4,-,-,-,8.43,-,-,379,-,-,85,-,-,-,-,"https://inmu.mahidol.ac.th/thaifcd//foodsearch/food_name/?dbcode=STD&food_group_id=84&id=1486&name=Soup, beef tail"
43,T74,ซุปหูฉลาม,"Soup, shark fin",-,1.01,12,1.76,-,-,-,-,0.3,-,31,0.19,-,-,-,-,-,0.48,-,91.4,-,-,-,5.31,-,-,226,0.65,-,-,-,-,-,-,"https://inmu.mahidol.ac.th/thaifcd//foodsearch/food_name/?dbcode=STD&food_group_id=84&id=1487&name=Soup, shark fin"
44,T300,ต้มไก่ใบกระเจี๊ยบ,"Soup, Roselle leaves, chicken",-,0.70,32,1.10,-,-,-,-,1.1,-,49,0.50,-,-,-,-,-,0.52,-,87.1,-,130,-,9.50,-,-,103,-,-,-,-,-,-,-,"https://inmu.mahidol.ac.th/thaifcd//foodsearch/food_name/?dbcode=STD&food_group_id=84&id=1488&name=Soup, Roselle leaves, chicken"
45,T211,ต้มข่าไก่,"Soup, coconut milk with galangal, chicken (Tom-kha-gai)",-,1.57,10,1.42,-,16,-,-,0.9,-,92,5.89,1.27,0.03,1.19,1.22,3.39,0.70,-,82.5,-,-,300,7.80,-,-,244,0.57,-,-,-,-,-,-,"https://inmu.mahidol.ac.th/thaifcd//foodsearch/food_name/?dbcode=STD&food_group_id=84&id=1489&name=Soup, coconut milk with galangal, chicken (Tom-kha-gai)"
46,T226,"ต้มพะโล้, รวม","Five spices soup, mixed",-,2.82,-,14.13,-,15,-,-,1.6,-,133,4.23,1.13,0.13,1.60,1.73,1.18,-,-,68.3,-,-,340,8.90,-,-,416,5.54,-,-,-,-,-,-,"https://inmu.mahidol.ac.th/thaifcd//foodsearch/food_name/?dbcode=STD&food_group_id=84&id=1490&name=Five spices soup, mixed"
47,T212,"ต้มยำ, กุ้ง","Soup, spicy (hot and sour), shrimp (Tom-yum-goong)",-,2.64,45,2.86,-,42,0.21,-,0.7,-,44,1.43,-,-,-,-,0.55,0.42,20,87.7,-,75,152,4.67,15,-,521,2.08,-,-,19,1,0.73,46,"https://inmu.mahidol.ac.th/thaifcd//foodsearch/food_name/?dbcode=STD&food_group_id=84&id=1491&name=Soup, spicy (hot and sour), shrimp (Tom-yum-goong)"
48,T213,"ต้มยำ, ไก่","Soup, spicy (hot and sour), chicken (Tom-yum-gai)",-,1.67,-,0.50,-,18,-,-,1.3,-,41,0.37,0.12,0.02,0.09,0.10,0.12,-,-,88.0,-,-,279,8.20,-,-,230,0.57,-,-,-,-,-,-,"https://inmu.mahidol.ac.th/thaifcd//foodsearch/food_name/?dbcode=STD&food_group_id=84&id=1492&name=Soup, spicy (hot and sour), chicken (Tom-yum-gai)"
49,T301,ต้มยำปลาดุก,"Soup, spicy ( hot and sour) with catfish",-,1.00,12,1.10,-,-,-,-,1.1,-,57,2.20,-,-,-,-,-,0.20,-,87.0,-,173,-,7.60,-,-,143,-,-,-,-,-,-,-,"https://inmu.mahidol.ac.th/thaifcd//foodsearch/food_name/?dbcode=STD&food_group_id=84&id=1493&name=Soup, spicy ( hot and sour) with catfish"
50,T215,"ทอดมัน, กุ้ง","Fried shrimp cake, (Tod-man-goong)",-,2.60,-,9.17,-,-,-,-,0.0,-,247,16.78,-,-,-,-,-,1.77,-,56.7,-,-,-,14.80,-,-,473,-,-,-,-,-,-,-,"https://inmu.mahidol.ac.th/thaifcd//foodsearch/food_name/?dbcode=STD&food_group_id=84&id=1494&name=Fried shrimp cake, (Tod-man-goong)"
51,T214,"ทอดมัน, ปลา",Fried fish cake (Tod-man-pla),-,3.35,130,4.80,-,42,0.10,-,4.1,-,174,9.88,3.03,-,-,1.75,3.82,1.97,41,63.6,1.32,146,408,14.38,-,0.15,516,-,0.04,-,11,2,0.52,131,https://inmu.mahidol.ac.th/thaifcd//foodsearch/food_name/?dbcode=STD&food_group_id=84&id=1495&name=Fried fish cake (Tod-man-pla)
52,T217,"น้ำซุป, ไก่","Soup, chicken bone",-,0.23,2,1.64,-,-,-,-,0.0,-,23,1.50,-,-,-,-,-,0.10,-,95.9,-,-,-,0.71,-,-,31,-,-,-,-,-,-,-,"https://inmu.mahidol.ac.th/thaifcd//foodsearch/food_name/?dbcode=STD&food_group_id=84&id=1496&name=Soup, chicken bone"
53,T216,"น้ำซุป, ขาตั้งหมู","Soup, pork leg (without feet)",-,0.23,3,0.00,-,-,-,-,0.0,-,5,0.23,-,-,-,-,-,0.20,-,98.9,-,-,-,0.70,-,-,39,-,-,-,-,-,-,-,"https://inmu.mahidol.ac.th/thaifcd//foodsearch/food_name/?dbcode=STD&food_group_id=84&id=1497&name=Soup, pork leg (without feet)"
54,T303,น้ำพริกอ่อง,Nam-prik-ong,-,3.00,38,0.00,-,-,-,-,4.1,-,204,19.60,-,-,-,-,-,1.50,-,68.4,2.60,79,-,6.90,0,0.15,-,-,0.25,-,30,-,-,357,https://inmu.mahidol.ac.th/thaifcd//foodsearch/food_name/?dbcode=STD&food_group_id=84&id=1498&name=Nam-prik-ong
55,T302,เนื้อสะเต๊ะ,"Beef, satay",Bos taurus,1.77,-,18.83,-,66,-,-,0.0,-,345,22.63,7.63,0.11,0.51,0.63,13.41,2.77,-,40.3,-,-,-,16.47,-,-,223,-,-,-,-,-,-,-,"https://inmu.mahidol.ac.th/thaifcd//foodsearch/food_name/?dbcode=STD&food_group_id=84&id=1499&name=Beef, satay"
56,T304,"เป็ด, ลิ้น, ทรงเครื่อง","Duck, tongue, stewed in chineses herb gravy/fried, special flavour topping",Anas platyrhyncha,2.80,92,6.50,-,-,-,-,0.0,-,155,10.60,-,-,-,-,-,0.60,-,71.7,-,-,-,8.40,-,-,634,-,-,-,-,-,-,-,"https://inmu.mahidol.ac.th/thaifcd//foodsearch/food_name/?dbcode=STD&food_group_id=84&id=1500&name=Duck, tongue, stewed in chineses herb gravy/fried, special flavour topping"
57,T305,"เป็ด, ไส้, ทอดกรอบ","Duck, intestine, deep fried",-,5.30,52,1.90,-,-,-,-,0.0,-,529,31.20,-,-,-,-,-,3.30,-,2.2,-,-,-,60.20,-,0.23,"1,682",1.90,0.07,-,-,-,-,-,"https://inmu.mahidol.ac.th/thaifcd//foodsearch/food_name/?dbcode=STD&food_group_id=84&id=1501&name=Duck, intestine, deep fried"
58,T222,ผัดเปรี้ยวหวานไก่,"Sweet and sour sauce, stir fried, chicken (Pad-priew-wan-gai)",-,1.85,-,14.11,-,8,-,-,1.9,-,95,1.85,0.47,0.08,0.88,0.96,0.33,-,-,75.8,-,-,242,4.45,-,-,345,13.21,-,-,22,2,-,270,"https://inmu.mahidol.ac.th/thaifcd//foodsearch/food_name/?dbcode=STD&food_group_id=84&id=1502&name=Sweet and sour sauce, stir fried, chicken (Pad-priew-wan-gai)"
59,T224,ผัดเผ็ดไก่,"Stir-fried, chicken with red curry paste",-,2.70,52,4.37,-,30,-,-,5.5,-,133,5.53,1.28,0.28,2.73,3.02,1.22,2.60,-,68.9,-,-,518,13.77,0,-,408,4.37,-,-,-,-,-,-,"https://inmu.mahidol.ac.th/thaifcd//foodsearch/food_name/?dbcode=STD&food_group_id=84&id=1503&name=Stir-fried, chicken with red curry paste"
60,T223,ผัดเผ็ดถั่วฝักยาว,"Stir-fried, long bean with red curry paste",-,3.21,26,2.83,-,61,0.09,-,3.0,-,127,2.70,-,-,-,-,1.22,2.58,44,66.9,-,167,342,21.34,-,0.07,563,0.07,0.11,-,17,2,0.84,205,"https://inmu.mahidol.ac.th/thaifcd//foodsearch/food_name/?dbcode=STD&food_group_id=84&id=1504&name=Stir-fried, long bean with red curry paste"
61,T225,ผัดพริกขิงไก่ใส่ถั่วฝักยาว,stir-fried  long bean with red chilli paste and chicken (Pad-prik-king-gai),-,2.70,-,2.70,-,24,-,-,6.8,-,130,7.10,1.66,0.36,3.63,3.98,1.14,-,-,70.2,-,-,390,10.55,-,-,378,4.45,-,-,-,-,-,-,https://inmu.mahidol.ac.th/thaifcd//foodsearch/food_name/?dbcode=STD&food_group_id=84&id=1505&name=stir-fried  long bean with red chilli paste and chicken (Pad-prik-king-gai)
62,T227,ยำรวมมิตรทะเล,"Thai salad, spicy, mixed  seafood",-,3.28,28,7.52,-,393,0.12,-,0.9,-,82,1.25,-,-,-,-,0.60,0.46,33,77.3,-,70,158,9.71,5,0.03,649,7.50,0.01,-,11,1,0.86,71,"https://inmu.mahidol.ac.th/thaifcd//foodsearch/food_name/?dbcode=STD&food_group_id=84&id=1506&name=Thai salad, spicy, mixed  seafood"
63,T100,"ลาบเลือด, อีสาน","Beef-blood salad, northeastern style",-,2.80,9,-,6.40,-,-,-,-,-,-,1.20,-,-,-,-,-,1.80,-,73.9,3.80,141,-,15.70,364,1.36,-,-,0.12,99,364,-,-,-,"https://inmu.mahidol.ac.th/thaifcd//foodsearch/food_name/?dbcode=STD&food_group_id=84&id=1507&name=Beef-blood salad, northeastern style"
64,T101,ลาบอีสาน (ลาบเนื้อ),"Meat salad, Northeastern style (Lab-nhua)",-,2.40,85,-,7.80,-,-,-,-,-,-,4.30,-,-,-,-,-,2.55,-,74.7,3.05,122,-,12.40,166,0.18,-,-,0.05,122,168,1,-,214,"https://inmu.mahidol.ac.th/thaifcd//foodsearch/food_name/?dbcode=STD&food_group_id=84&id=1508&name=Meat salad, Northeastern style (Lab-nhua)"
65,T228,สตูไก่,Chicken stew,-,2.43,-,-,3.10,43,-,-,-,-,-,4.47,1.52,-,-,1.28,1.47,0.67,-,72.6,-,-,-,17.40,-,-,570,-,-,122,-,-,-,-,https://inmu.mahidol.ac.th/thaifcd//foodsearch/food_name/?dbcode=STD&food_group_id=84&id=1509&name=Chicken stew
66,T229,สตูเนื้อ,Beef stew,-,2.40,-,-,10.47,33,-,-,-,-,-,4.47,1.81,0.06,0.53,0.59,1.89,1.87,-,69.3,-,-,-,13.33,-,-,432,-,-,135,-,-,-,-,https://inmu.mahidol.ac.th/thaifcd//foodsearch/food_name/?dbcode=STD&food_group_id=84&id=1510&name=Beef stew
67,T283,สเต็กปลาทูน่า,Tuna steak,-,2.70,14,5.65,-,29,-,-,4.4,-,180,10.35,-,-,-,-,4.37,1.55,-,64.1,-,-,-,13.85,-,0.07,504,5.65,0.15,-,-,-,-,-,https://inmu.mahidol.ac.th/thaifcd//foodsearch/food_name/?dbcode=STD&food_group_id=84&id=1511&name=Tuna steak
68,T230,สปาเก็ตตี้ซอสรสต่างๆ,Spaghetti with different sauces,-,2.52,13,9.73,-,11,-,-,2.4,-,105,4.97,-,-,-,-,1.67,0.34,-,77.3,-,-,-,4.23,12,-,656,9.72,-,-,12,-,-,-,https://inmu.mahidol.ac.th/thaifcd//foodsearch/food_name/?dbcode=STD&food_group_id=84&id=1512&name=Spaghetti with different sauces
69,T231,"ส้มตำ, ไทย","Papaya salad, spicy, with dried shrimps and roasted peanuts (Som-tum Thai)",-,3.34,54,14.34,-,18,0.12,-,3.3,-,105,2.65,-,-,-,-,0.60,2.14,41,72.1,-,68,227,4.29,11,-,627,-,-,-,17,7,0.58,75,"https://inmu.mahidol.ac.th/thaifcd//foodsearch/food_name/?dbcode=STD&food_group_id=84&id=1513&name=Papaya salad, spicy, with dried shrimps and roasted peanuts (Som-tum Thai)"
70,T102,"ส้มตำ, ปู-กุ้ง",Papaya salad with crab and dried shrimps (Som-tum Poo-goong),-,3.60,71,-,12.80,-,-,-,-,-,-,2.10,-,-,-,-,-,-,-,77.8,1.80,64,-,3.70,-,0.75,-,-,0.01,85,-,3,-,-,https://inmu.mahidol.ac.th/thaifcd//foodsearch/food_name/?dbcode=STD&food_group_id=84&id=1514&name=Papaya salad with crab and dried shrimps (Som-tum Poo-goong)
71,T103,"ส้มตำ, อีสาน","Papaya salad, northeastern style (Som-tum-Isan)",-,3.00,94,-,4.50,-,-,-,-,-,-,0.30,-,-,-,-,-,-,-,90.4,0.70,44,-,1.80,-,0.05,-,-,0.01,28,-,3,-,-,"https://inmu.mahidol.ac.th/thaifcd//foodsearch/food_name/?dbcode=STD&food_group_id=84&id=1515&name=Papaya salad, northeastern style (Som-tum-Isan)"
72,T307,ไส้เป็ดต้มพะโล้,"Duck, intestines, stewed in chineses herb gravy",Anas platyrhyncha,1.45,16,0.00,-,-,0.11,-,0.0,-,245,17.68,7.33,0.12,2.86,2.98,5.25,1.36,12,61.9,1.46,174,117,21.56,79,0.08,378,-,0.03,-,79,-,2.64,-,"https://inmu.mahidol.ac.th/thaifcd//foodsearch/food_name/?dbcode=STD&food_group_id=84&id=1516&name=Duck, intestines, stewed in chineses herb gravy"
73,T131,หมี่กรอบ,"Mee-krop (Rice noodles, deep fried, crispy)",-,1.50,26,57.10,-,-,-,-,0.0,-,505,29.40,-,-,-,-,-,0.60,-,9.1,2.00,47,-,2.90,-,1.00,-,-,0.69,-,-,2,-,-,"https://inmu.mahidol.ac.th/thaifcd//foodsearch/food_name/?dbcode=STD&food_group_id=84&id=1517&name=Mee-krop (Rice noodles, deep fried, crispy)"
74,T308,"หมู, เท้า(คากิ), ต้มพะโล้","Pork, trotter, stewed in chinese herb gravy",Sus scrofa domestica,2.70,213,8.67,-,96,0.08,-,0.0,-,276,15.40,7.57,0.24,2.36,2.74,4.47,1.33,-,47.4,-,-,-,25.80,-,-,456,-,-,-,-,-,-,-,"https://inmu.mahidol.ac.th/thaifcd//foodsearch/food_name/?dbcode=STD&food_group_id=84&id=1518&name=Pork, trotter, stewed in chinese herb gravy"
75,T309,หมูสะเต๊ะ,"Pork, satay",Sus scrofa domestica,2.20,-,15.03,-,60,-,-,0.0,-,272,14.57,5.12,0.27,2.55,2.92,5.88,0.93,-,48.1,-,-,-,20.07,-,-,342,-,0.83,-,-,-,-,-,"https://inmu.mahidol.ac.th/thaifcd//foodsearch/food_name/?dbcode=STD&food_group_id=84&id=1519&name=Pork, satay"
76,T306,"หอยจ้อ, ทอด ไก่หรือปู","Chicken/crab, roll, deep-fried",-,2.40,87,9.72,-,-,-,-,2.2,-,288,20.18,-,-,-,-,-,1.10,-,49.6,-,-,-,15.90,-,-,429,-,-,-,-,-,-,-,"https://inmu.mahidol.ac.th/thaifcd//foodsearch/food_name/?dbcode=STD&food_group_id=84&id=1520&name=Chicken/crab, roll, deep-fried"
77,T2,กระเพาะปลา,Fish maw soup,-,1.00,47,1.80,-,2,-,-,0.9,-,56,2.95,-,-,-,-,1.28,1.35,-,88.4,1.60,63,-,5.00,164,0.17,296,0.60,0.01,-,164,-,-,-,https://inmu.mahidol.ac.th/thaifcd//foodsearch/food_name/?dbcode=STD&food_group_id=84&id=1521&name=Fish maw soup
78,T3,ก๋วยจั๊บ,"Noodle sheets, soup with meat and tofu (Guay-jub)",-,1.08,-,8.17,-,33,-,-,0.0,-,84,3.67,0.69,-,-,0.24,0.46,1.47,16,82.5,-,58,87,4.55,-,-,360,-,-,-,-,-,1.10,-,"https://inmu.mahidol.ac.th/thaifcd//foodsearch/food_name/?dbcode=STD&food_group_id=84&id=1522&name=Noodle sheets, soup with meat and tofu (Guay-jub)"
79,T7,"ก๋วยเตี๋ยว, เนื้อสับ","Rice noodles, topped with minced beef in gravy",-,1.00,41,-,15.20,-,-,-,-,-,-,4.10,-,-,-,-,-,0.20,-,76.2,1.30,42,-,3.50,-,0.61,-,-,0.07,112,-,-,-,-,"https://inmu.mahidol.ac.th/thaifcd//foodsearch/food_name/?dbcode=STD&food_group_id=84&id=1523&name=Rice noodles, topped with minced beef in gravy"
80,T8,"ก๋วยเตี๋ยว, ผัดขี้เมา","Rice noodles, fried with pork/chicken and spices (Guay-teaw pad-khee-mow)",-,1.60,-,12.50,-,-,-,-,-,-,-,9.80,-,-,-,-,-,-,-,56.6,-,-,413,19.50,-,-,702,-,-,216,-,-,-,-,"https://inmu.mahidol.ac.th/thaifcd//foodsearch/food_name/?dbcode=STD&food_group_id=84&id=1524&name=Rice noodles, fried with pork/chicken and spices (Guay-teaw pad-khee-mow)"
81,T9,"ก๋วยเตี๋ยว, ผัดไทย","Rice noodles, stir fried, Thai style (Guay-teaw pad-thai)",-,2.07,95,20.67,-,57,-,-,2.0,-,171,6.33,2.02,0.19,2.62,2.81,1.22,1.50,-,62.1,1.70,109,163,6.83,9,0.76,445,9.97,0.07,-,9,1,-,-,"https://inmu.mahidol.ac.th/thaifcd//foodsearch/food_name/?dbcode=STD&food_group_id=84&id=1525&name=Rice noodles, stir fried, Thai style (Guay-teaw pad-thai)"
82,T6,ก๋วยเตี๋ยวแขก (ก๋วยเตี๋ยวแกง),Rice noodles with beef curry Guay-teaw khak),-,1.60,59,-,9.40,-,-,-,-,-,-,7.40,-,-,-,-,-,0.40,-,75.0,1.60,63,-,6.60,-,0.86,-,-,0.12,131,-,-,-,-,https://inmu.mahidol.ac.th/thaifcd//foodsearch/food_name/?dbcode=STD&food_group_id=84&id=1526&name=Rice noodles with beef curry Guay-teaw khak)
83,T176,ก๋วยเตี๋ยวเส้นปลา,Guay-teaw sen-pla,-,1.10,52,2.47,-,23,-,-,0.9,-,70,0.73,0.16,0.06,0.05,0.10,0.41,0.40,-,81.9,-,-,-,12.87,-,-,228,-,-,-,-,-,-,-,https://inmu.mahidol.ac.th/thaifcd//foodsearch/food_name/?dbcode=STD&food_group_id=84&id=1527&name=Guay-teaw sen-pla
84,T10,"ก๋วยเตี๋ยวเส้นใหญ่, น้ำ, เย็นตาโฟ","Yen-ta-fo (Rice noodles, with fish ball, swamp cabbage red sauce and soup)",-,1.20,98,8.23,-,-,-,-,0.4,-,70,2.67,-,-,-,-,-,0.50,-,84.5,0.70,-,-,3.05,-,0.40,239,-,0.03,-,-,1,-,-,"https://inmu.mahidol.ac.th/thaifcd//foodsearch/food_name/?dbcode=STD&food_group_id=84&id=1528&name=Yen-ta-fo (Rice noodles, with fish ball, swamp cabbage red sauce and soup)"
85,T11,"ก๋วยเตี๋ยวเส้นใหญ่, ผัดซี่อิ้ว, หมู","Guay-teaw-pad see-eiw (Rice noodles, fried with pork, kale, egg and dark soy sauce)",-,1.82,177,-,20.72,-,-,-,-,-,-,12.32,-,-,-,-,-,1.48,-,58.3,2.10,95,197,6.83,-,0.00,382,-,0.09,221,-,2,-,-,"https://inmu.mahidol.ac.th/thaifcd//foodsearch/food_name/?dbcode=STD&food_group_id=84&id=1529&name=Guay-teaw-pad see-eiw (Rice noodles, fried with pork, kale, egg and dark soy sauce)"
86,T12,"ก๋วยเตี๋ยวเส้นใหญ่, ราดหน้า, กุ้ง","Guay-teaw-rad-nah, goong (Fried rice noodles with dark soy sauce, topped with fried chinese kale, shrimps and gravy)",-,0.90,122,-,12.40,-,-,-,-,-,-,2.70,-,-,-,-,-,-,-,81.6,0.20,34,-,2.40,-,0.08,202,-,0.01,84,-,1,-,-,"https://inmu.mahidol.ac.th/thaifcd//foodsearch/food_name/?dbcode=STD&food_group_id=84&id=1530&name=Guay-teaw-rad-nah, goong (Fried rice noodles with dark soy sauce, topped with fried chinese kale, shrimps and gravy)"
87,T13,"ก๋วยเตี๋ยวเส้นใหญ่, ราดหน้า, ไก่/หมู","Guay-teaw-rad-nah (Fried rice noodles with dark soy sauce, topped with fried chinese kale, chicken/pork and gravy)",-,0.95,30,-,12.30,-,-,-,-,-,-,5.55,-,-,-,-,-,-,-,78.3,0.15,32,-,2.95,-,0.10,-,-,0.01,111,-,1,-,-,"https://inmu.mahidol.ac.th/thaifcd//foodsearch/food_name/?dbcode=STD&food_group_id=84&id=1531&name=Guay-teaw-rad-nah (Fried rice noodles with dark soy sauce, topped with fried chinese kale, chicken/pork and gravy)"
88,T173,"กะบับ/เคบับ, เนื้อ","Kebab, beef",-,3.85,-,9.25,-,48,-,-,2.9,-,183,4.20,1.56,0.03,0.19,0.21,2.23,-,-,54.3,-,-,552,25.50,-,-,566,2.35,-,-,-,-,-,-,"https://inmu.mahidol.ac.th/thaifcd//foodsearch/food_name/?dbcode=STD&food_group_id=84&id=1532&name=Kebab, beef"
89,T177,"เกี๊ยว, กุ้ง, น้ำ",Giew-goong (Shrimp Wonton Soup),-,1.73,16,14.73,-,-,-,-,0.7,-,128,4.40,-,-,-,-,-,0.47,-,71.4,-,-,-,7.00,-,-,422,0.40,-,-,-,-,-,-,https://inmu.mahidol.ac.th/thaifcd//foodsearch/food_name/?dbcode=STD&food_group_id=84&id=1533&name=Giew-goong (Shrimp Wonton Soup)
90,T178,"เกี๊ยว, ปลา, ต้ม","Giew-pla (Fish dumplings, boiled)",-,1.77,45,7.50,-,31,-,-,0.8,-,149,7.13,2.66,0.26,1.19,1.51,2.61,0.87,-,69.5,-,-,-,13.30,-,-,356,-,-,-,-,-,-,-,"https://inmu.mahidol.ac.th/thaifcd//foodsearch/food_name/?dbcode=STD&food_group_id=84&id=1534&name=Giew-pla (Fish dumplings, boiled)"
91,T36,"ขนมจีน, ซาวน้ำ, ภาคกลาง","Ka-nom-jeen-sow-nam (Fermented rice noodles, with pineapple, ground shrimp, garlic and coconut milk)",-,0.90,143,-,17.10,-,-,-,-,-,-,4.60,-,-,-,-,-,0.90,-,74.9,1.00,43,-,2.50,-,0.20,213,-,-,120,-,-,-,-,"https://inmu.mahidol.ac.th/thaifcd//foodsearch/food_name/?dbcode=STD&food_group_id=84&id=1535&name=Ka-nom-jeen-sow-nam (Fermented rice noodles, with pineapple, ground shrimp, garlic and coconut milk)"
92,T37,"ขนมจีน, น้ำเงี้ยว, ภาคเหนือ","Ka-nom-jeen-nam-ngeaw (Fermented rice noodles, with minced pork/ beef/spareribs cooked in Thai herbs flavour soup)",-,1.70,81,7.40,-,-,-,-,0.5,-,79,3.55,-,-,-,-,-,0.95,-,82.9,1.10,30,-,4.00,-,0.43,310,-,0.03,-,-,0,-,32,"https://inmu.mahidol.ac.th/thaifcd//foodsearch/food_name/?dbcode=STD&food_group_id=84&id=1536&name=Ka-nom-jeen-nam-ngeaw (Fermented rice noodles, with minced pork/ beef/spareribs cooked in Thai herbs flavour soup)"
93,T38,"ขนมจีน, น้ำพริก, ภาคกลาง","Ka-nom-jeen-nam-prik (Fermented rice noodles, topped  with peanut curry)",-,1.20,28,-,20.70,-,-,-,-,-,-,4.60,-,-,-,-,-,1.20,-,70.4,1.20,46,-,3.10,-,0.19,180,-,-,137,-,-,-,-,"https://inmu.mahidol.ac.th/thaifcd//foodsearch/food_name/?dbcode=STD&food_group_id=84&id=1537&name=Ka-nom-jeen-nam-prik (Fermented rice noodles, topped  with peanut curry)"
94,T39,"ขนมจีน, น้ำยา","Ka-nom-jeen-nam-ya (Fermented rice noodles, topped with fish curry)",-,1.47,70,12.92,-,-,-,-,0.4,-,82,2.11,-,-,-,-,-,0.10,-,80.4,0.80,32,-,2.69,-,0.25,419,-,-,-,-,-,-,-,"https://inmu.mahidol.ac.th/thaifcd//foodsearch/food_name/?dbcode=STD&food_group_id=84&id=1538&name=Ka-nom-jeen-nam-ya (Fermented rice noodles, topped with fish curry)"
95,T40,"ขนมจีน, น้ำยา, ปักษ์ใต้","Ka-nom-jeen-nam-ya pak-tai (Fermented rice noodles, topped with fish curry (without coconut milk), Southern style)",-,1.20,134,-,10.70,-,-,-,-,-,-,3.00,-,-,-,-,-,0.80,-,81.2,1.80,43,-,3.90,-,0.12,346,-,-,85,-,-,-,-,"https://inmu.mahidol.ac.th/thaifcd//foodsearch/food_name/?dbcode=STD&food_group_id=84&id=1539&name=Ka-nom-jeen-nam-ya pak-tai (Fermented rice noodles, topped with fish curry (without coconut milk), Southern style)"
96,T41,ขนมผักกาด,"Ka-nom-pak-kad (Radish rice cake, fried with egg and mungbean sprout)",-,1.58,19,-,25.40,-,-,-,-,-,-,8.49,-,-,-,-,-,0.50,-,59.0,1.10,61,-,5.50,-,0.18,-,-,0.01,200,-,1,-,-,"https://inmu.mahidol.ac.th/thaifcd//foodsearch/food_name/?dbcode=STD&food_group_id=84&id=1540&name=Ka-nom-pak-kad (Radish rice cake, fried with egg and mungbean sprout)"
97,T194,ข้าวกล้อง-แกงป่าไก่,Brown rice and country style chicken red curry (without coconut milk),-,1.35,16,16.10,-,4,-,-,2.2,-,103,1.67,0.58,0.04,0.51,0.55,0.41,0.30,-,74.0,-,-,-,4.77,38,0.02,290,0.97,0.19,-,47,-,-,104,https://inmu.mahidol.ac.th/thaifcd//foodsearch/food_name/?dbcode=STD&food_group_id=84&id=1541&name=Brown rice and country style chicken red curry (without coconut milk)
98,T195,ข้าวกล้อง-แกงเผ็ดไก่,Brown rice and chicken red curry,-,1.00,16,18.40,-,4,-,-,1.9,-,132,3.75,0.63,0.03,0.40,0.43,2.38,0.40,-,69.8,-,-,-,5.25,10,0.02,208,0.35,0.23,-,18,-,-,96,https://inmu.mahidol.ac.th/thaifcd//foodsearch/food_name/?dbcode=STD&food_group_id=84&id=1542&name=Brown rice and chicken red curry
99,T196,ข้าวกล้อง-แกงเหลืองปลาทับทิม,Brown rice and country style fish yellow curry,-,1.27,16,15.13,-,3,-,-,1.3,-,92,0.97,0.33,0.04,0.26,0.30,0.25,0.47,-,76.4,-,-,-,4.92,26,0.01,236,0.73,0.33,-,35,-,-,105,https://inmu.mahidol.ac.th/thaifcd//foodsearch/food_name/?dbcode=STD&food_group_id=84&id=1543&name=Brown rice and country style fish yellow curry
100,T197,ข้าวกล้อง-ขี้เมาหมู,Brown rice and basil pork fried spicy style,-,1.30,26,17.42,-,9,-,-,2.4,-,129,3.07,1.06,0.08,0.95,1.04,0.76,0.50,-,69.1,-,-,-,6.67,126,0.02,226,0.55,0.27,-,161,-,-,423,https://inmu.mahidol.ac.th/thaifcd//foodsearch/food_name/?dbcode=STD&food_group_id=84&id=1544&name=Brown rice and basil pork fried spicy style
101,T200,ข้าวกล้องแดง - แกงเขียวหวานไก่,"Brown rice, purple red,and chicken green curry",-,1.30,16,17.28,-,7,-,-,1.3,-,129,3.90,0.64,0.03,0.35,0.38,2.48,0.45,-,70.7,-,-,-,5.60,18,0.02,255,0.80,0.17,-,26,-,-,96,"https://inmu.mahidol.ac.th/thaifcd//foodsearch/food_name/?dbcode=STD&food_group_id=84&id=1545&name=Brown rice, purple red,and chicken green curry"
102,T199,ข้าวกล้องแดง- กระเพราไก่,"Brown rice, purple red, and basil chicken fried",-,0.80,25,22.75,-,6,-,-,2.2,-,142,1.85,0.53,0.08,0.76,0.84,0.40,0.50,-,64.9,-,-,-,7.50,-,0.02,138,-,0.16,-,42,-,-,500,"https://inmu.mahidol.ac.th/thaifcd//foodsearch/food_name/?dbcode=STD&food_group_id=84&id=1546&name=Brown rice, purple red, and basil chicken fried"
103,T201,ข้าวกล้องผัดกุ้ง,Fried brown rice with shrimp,-,1.30,23,21.00,-,55,-,-,2.5,-,162,4.50,1.31,0.21,1.88,2.10,0.90,0.60,-,62.6,-,-,-,8.10,321,0.03,220,0.30,0.16,-,321,-,-,-,https://inmu.mahidol.ac.th/thaifcd//foodsearch/food_name/?dbcode=STD&food_group_id=84&id=1547&name=Fried brown rice with shrimp
104,T198,ข้าวกล้อง-หมูกระเทียม,Brown rice and fried galic pork,-,1.10,20,17.67,-,12,-,-,2.9,-,141,3.17,0.78,0.07,0.77,0.84,0.88,0.55,-,66.1,-,-,-,9.07,82,0.02,165,0.30,0.32,-,116,-,-,402,https://inmu.mahidol.ac.th/thaifcd//foodsearch/food_name/?dbcode=STD&food_group_id=84&id=1548&name=Brown rice and fried galic pork
105,T48,ข้าวขาหมู,"Rice, topped with pork leg stew in gravy)",-,1.31,236,19.34,-,-,-,-,1.0,-,161,5.93,-,-,-,-,-,0.80,-,65.3,1.00,43,52,7.19,-,0.21,324,-,0.08,-,-,-,-,-,"https://inmu.mahidol.ac.th/thaifcd//foodsearch/food_name/?dbcode=STD&food_group_id=84&id=1549&name=Rice, topped with pork leg stew in gravy)"
106,T310,ข้าวซอยไก่,Northern Thai noodle with chicken curry soup,-,1.80,25,7.30,-,-,-,-,1.6,-,151,10.60,-,-,-,-,-,1.20,-,72.9,3.00,61,-,5.80,0,0.08,-,-,1.13,-,4,0,-,46,https://inmu.mahidol.ac.th/thaifcd//foodsearch/food_name/?dbcode=STD&food_group_id=84&id=1550&name=Northern Thai noodle with chicken curry soup
107,T51,ข้าวต้มหมู,Porridge rice with pork,-,1.07,-,9.58,-,-,-,-,0.0,-,65,1.09,-,-,-,-,-,-,-,84.1,-,45,135,4.19,-,-,226,-,-,-,-,-,-,-,https://inmu.mahidol.ac.th/thaifcd//foodsearch/food_name/?dbcode=STD&food_group_id=84&id=1551&name=Porridge rice with pork
108,T205,"ข้าวผัดทั่วไป, ไม่ระบุ","Fried rice, not specified",-,1.50,15,24.26,-,-,-,-,1.8,-,160,4.14,-,-,-,-,-,0.48,-,63.7,-,-,-,4.56,-,0.02,335,1.04,0.06,-,-,-,-,-,"https://inmu.mahidol.ac.th/thaifcd//foodsearch/food_name/?dbcode=STD&food_group_id=84&id=1552&name=Fried rice, not specified"
109,T204,ข้าวผัดผัก,"Fried rice, with vegetables",-,1.30,7,28.50,-,-,-,-,1.7,-,178,5.10,-,-,-,-,-,0.40,-,59.8,-,-,-,3.60,-,0.01,268,2.20,0.14,-,-,-,-,-,"https://inmu.mahidol.ac.th/thaifcd//foodsearch/food_name/?dbcode=STD&food_group_id=84&id=1553&name=Fried rice, with vegetables"
110,T56,ข้าวผัดหมู,"Fried rice with pork, vegetable and egg",-,1.68,87,-,15.90,-,-,-,-,-,-,6.34,-,-,-,-,-,0.57,-,70.3,1.60,52,91,5.75,-,0.21,141,-,0.02,144,-,-,-,-,"https://inmu.mahidol.ac.th/thaifcd//foodsearch/food_name/?dbcode=STD&food_group_id=84&id=1554&name=Fried rice with pork, vegetable and egg"
111,T59,"ข้าวมัน, ไก่ต้ม","Khao-mun-kai-tom (rice cooked in chicken broth, topped with boiled chicken)",-,1.28,122,21.25,-,2,-,-,1.5,-,198,9.25,1.41,0.02,0.58,0.60,1.30,1.20,-,60.0,1.00,59,-,6.75,-,0.03,-,-,0.04,-,-,-,-,-,"https://inmu.mahidol.ac.th/thaifcd//foodsearch/food_name/?dbcode=STD&food_group_id=84&id=1555&name=Khao-mun-kai-tom (rice cooked in chicken broth, topped with boiled chicken)"
112,T206,"ข้าวมัน, ไก่ทอด","Khao-mun-kai-tod (rice cooked in chicken broth,  topped with deep-fried chicken)",-,1.40,14,32.90,-,-,0.10,-,2.2,-,235,7.20,-,-,-,-,-,0.60,16,47.7,2.11,84,130,8.60,4,0.07,330,-,0.02,-,4,-,0.40,-,"https://inmu.mahidol.ac.th/thaifcd//foodsearch/food_name/?dbcode=STD&food_group_id=84&id=1556&name=Khao-mun-kai-tod (rice cooked in chicken broth,  topped with deep-fried chicken)"
113,T397,ข้าวมัน (เฉพาะข้าว),Khao-mun  (Rice cooked in chicken broth),-,0.80,-,33.57,-,-,-,-,0.6,-,179,3.47,-,-,-,-,-,0.22,-,58.5,-,-,-,3.07,-,-,217,-,-,-,-,-,-,-,https://inmu.mahidol.ac.th/thaifcd//foodsearch/food_name/?dbcode=STD&food_group_id=84&id=1557&name=Khao-mun  (Rice cooked in chicken broth)
114,T60,ข้าวยำปักษ์ใต้,Khao-yum-pak-tai (Southern style rice salad: Rice with assorted vegetables served with southern fish sauce (Nam boo-doo)),-,2.30,69,20.95,-,-,-,-,1.1,-,133,3.50,-,-,-,-,-,1.30,-,68.4,1.00,63,-,3.80,-,0.22,474,-,0.01,-,-,2,-,-,https://inmu.mahidol.ac.th/thaifcd//foodsearch/food_name/?dbcode=STD&food_group_id=84&id=1558&name=Khao-yum-pak-tai (Southern style rice salad: Rice with assorted vegetables served with southern fish sauce (Nam boo-doo))
115,T46,ข้าวราดแกงเขียวหวานไก่,Khao-rad-kaeng-kheaw-whan-kai (Rice+ green curry with chicken),-,0.94,114,19.17,-,-,-,-,1.2,-,142,4.01,-,-,-,-,-,0.10,-,68.1,1.90,117,-,6.59,20,0.13,-,-,0.07,-,20,1,-,-,https://inmu.mahidol.ac.th/thaifcd//foodsearch/food_name/?dbcode=STD&food_group_id=84&id=1559&name=Khao-rad-kaeng-kheaw-whan-kai (Rice+ green curry with chicken)
116,T43,ข้าวราดแกงมัสหมั่นเนื้อ,Rice and beef matsaman curry,-,0.90,-,-,19.50,-,-,-,-,-,-,2.50,-,-,-,-,-,1.80,-,70.3,-,-,113,6.90,-,-,247,-,-,128,-,-,-,-,https://inmu.mahidol.ac.th/thaifcd//foodsearch/food_name/?dbcode=STD&food_group_id=84&id=1560&name=Rice and beef matsaman curry
117,T54,ข้าวราดไก่ผัดใบกะเพรา,Rice and stir fried chicken with holy basil leaves,-,1.74,172,-,23.60,-,-,-,-,-,-,6.55,-,-,-,-,-,0.40,-,59.5,2.50,66,-,8.61,-,0.19,-,-,0.07,188,-,-,-,-,https://inmu.mahidol.ac.th/thaifcd//foodsearch/food_name/?dbcode=STD&food_group_id=84&id=1561&name=Rice and stir fried chicken with holy basil leaves
118,T44,ข้าวราดไข่พะโล้,Rice topped with egg in five spices soup,-,1.33,47,16.14,-,73,0.29,-,5.3,-,156,6.45,2.29,-,-,1.25,2.60,3.35,35,61.6,1.35,194,127,5.66,44,0.35,305,-,0.62,-,44,0,2.05,-,https://inmu.mahidol.ac.th/thaifcd//foodsearch/food_name/?dbcode=STD&food_group_id=84&id=1562&name=Rice topped with egg in five spices soup
119,T45,ข้าวราดผัดเครื่องในใส่ขิง,Rice with stir-fried chicken organ and ginger,-,0.60,-,-,23.20,-,-,-,-,-,-,7.30,-,-,-,-,-,-,-,64.5,-,-,-,4.40,-,-,-,-,-,176,-,-,-,-,https://inmu.mahidol.ac.th/thaifcd//foodsearch/food_name/?dbcode=STD&food_group_id=84&id=1563&name=Rice with stir-fried chicken organ and ginger
120,T207,ข้าวหน้าเป็ดย่าง,"Rice, topped  with roasted duck)",-,1.40,18,16.70,-,-,0.10,-,1.9,-,129,4.20,-,-,-,-,-,0.60,16,68.7,1.06,52,100,5.20,0,0.11,320,-,0.13,-,0,0,0.60,-,"https://inmu.mahidol.ac.th/thaifcd//foodsearch/food_name/?dbcode=STD&food_group_id=84&id=1564&name=Rice, topped  with roasted duck)"
121,T63,"ข้าวหมก, ไก่",Rice cooked with curry powder and a piece of chicken breast or drumstick,-,1.03,282,24.39,-,14,-,-,1.0,-,183,6.03,1.54,0.17,1.91,2.08,2.19,-,-,60.3,2.30,69,105,7.30,24,0.01,221,0.25,0.09,-,24,-,-,-,https://inmu.mahidol.ac.th/thaifcd//foodsearch/food_name/?dbcode=STD&food_group_id=84&id=1565&name=Rice cooked with curry powder and a piece of chicken breast or drumstick
122,T208,ข้าวหมก (เฉพาะข้าว),Rice cooked with curry powder,-,1.33,-,-,33.53,2,-,-,-,-,-,3.13,1.29,0.02,0.53,0.55,1.15,0.17,-,58.7,-,-,-,3.33,-,-,259,-,-,176,-,-,-,-,https://inmu.mahidol.ac.th/thaifcd//foodsearch/food_name/?dbcode=STD&food_group_id=84&id=1566&name=Rice cooked with curry powder
123,T64,ข้าวหมูแดง,Rice with roasted pork and gravy,-,1.19,352,22.72,-,-,-,-,0.2,-,154,4.18,-,-,-,-,-,0.20,-,65.5,1.30,72,-,6.29,-,-,284,-,0.20,-,-,-,-,-,https://inmu.mahidol.ac.th/thaifcd//foodsearch/food_name/?dbcode=STD&food_group_id=84&id=1567&name=Rice with roasted pork and gravy
124,T65,ข้าวหมูทอด,Rice with fried seasoning pork,-,0.57,-,21.06,-,-,-,-,0.0,-,144,3.20,-,-,-,-,-,-,-,67.4,-,-,208,7.74,-,-,222,-,-,-,-,-,-,-,https://inmu.mahidol.ac.th/thaifcd//foodsearch/food_name/?dbcode=STD&food_group_id=84&id=1568&name=Rice with fried seasoning pork
125,T68,"โจ๊ก, หมู",Porridge rice with minced pork,-,1.23,6,6.85,-,-,-,-,0.0,-,57,2.63,-,-,-,-,-,0.47,-,87.7,-,-,-,1.56,-,-,-,-,-,-,-,-,-,-,https://inmu.mahidol.ac.th/thaifcd//foodsearch/food_name/?dbcode=STD&food_group_id=84&id=1569&name=Porridge rice with minced pork
126,T311,เต้าคั่ว,Thai noodle salad (Tao Khao),-,1.90,0,-,23.80,-,-,-,-,-,-,5.80,-,-,-,-,-,2.64,-,64.6,0.90,-,-,3.90,-,0.10,-,-,18.02,163,-,2,-,-,https://inmu.mahidol.ac.th/thaifcd//foodsearch/food_name/?dbcode=STD&food_group_id=84&id=1570&name=Thai noodle salad (Tao Khao)
127,T220,บะจ่าง,Zongzi (Pyramid-shaped dumplings made by wrapping glutinous rice in bamboo leaves/reed leaves ),-,3.60,37,-,33.90,-,-,-,-,-,-,6.83,-,-,-,-,-,1.37,-,48.0,-,-,-,7.63,-,-,388,-,-,228,-,-,-,-,https://inmu.mahidol.ac.th/thaifcd//foodsearch/food_name/?dbcode=STD&food_group_id=84&id=1571&name=Zongzi (Pyramid-shaped dumplings made by wrapping glutinous rice in bamboo leaves/reed leaves )
128,T153,"บะหมี่, ลูกชิ้น, น้ำ","Wheat noodle (Ba-mee), with meat ball and soup",-,1.11,-,8.44,-,-,-,-,0.3,-,73,2.44,-,-,-,-,-,-,-,83.5,-,-,-,4.30,-,-,-,-,-,-,-,-,-,-,"https://inmu.mahidol.ac.th/thaifcd//foodsearch/food_name/?dbcode=STD&food_group_id=84&id=1572&name=Wheat noodle (Ba-mee), with meat ball and soup"
129,T92,"บะหมี่, หมูแดง, น้ำ",Wheat noodle (Ba-mee) with roasted pork and soup,-,1.60,-,1.40,-,42,-,-,0.9,-,102,8.60,3.42,-,-,1.55,2.07,-,37,83.1,-,94,153,4.40,-,-,338,-,-,-,-,-,1.62,-,https://inmu.mahidol.ac.th/thaifcd//foodsearch/food_name/?dbcode=STD&food_group_id=84&id=1573&name=Wheat noodle (Ba-mee) with roasted pork and soup
130,T93,"บะหมี่, หมูแดง, แห้ง",Wheat noodle (Ba-mee) with roasted pork (without soup),-,1.10,-,-,18.30,-,-,-,-,-,-,13.90,-,-,-,-,-,1.90,-,58.5,-,-,152,8.20,-,-,307,-,-,231,-,-,-,-,https://inmu.mahidol.ac.th/thaifcd//foodsearch/food_name/?dbcode=STD&food_group_id=84&id=1574&name=Wheat noodle (Ba-mee) with roasted pork (without soup)
131,T97,"มักกะโรนี, หมู",Fried macaroni with pork,-,0.80,47,19.22,-,-,-,-,0.0,-,163,7.00,-,-,-,-,-,-,-,67.3,-,-,152,5.70,17,-,252,-,-,-,33,4,-,200,https://inmu.mahidol.ac.th/thaifcd//foodsearch/food_name/?dbcode=STD&food_group_id=84&id=1575&name=Fried macaroni with pork
132,T105,"เส้นเล็ก, เนื้อสด, น้ำ","Rice noodles, small size, with beef and soup",-,1.70,-,-,8.50,-,-,-,-,-,-,2.70,-,-,-,-,-,1.30,-,82.5,-,-,132,4.60,-,-,464,-,-,77,-,-,-,-,"https://inmu.mahidol.ac.th/thaifcd//foodsearch/food_name/?dbcode=STD&food_group_id=84&id=1576&name=Rice noodles, small size, with beef and soup"
133,T154,"เส้นเล็ก, เป็ด, น้ำ","Rice noodles, small size, with duck and soup",-,2.96,-,6.24,-,-,-,-,0.3,-,90,5.15,-,-,-,-,-,-,-,80.8,-,-,-,4.56,-,-,-,-,-,-,-,-,-,-,"https://inmu.mahidol.ac.th/thaifcd//foodsearch/food_name/?dbcode=STD&food_group_id=84&id=1577&name=Rice noodles, small size, with duck and soup"
134,T106,"เส้นเล็ก, ลูกชิ้นเนื้อวัว, น้ำ","Rice noodles, small size, with beef ball and soup",-,1.90,6,-,-,-,-,-,-,-,-,-,-,-,-,-,-,1.10,-,82.8,-,33,156,4.00,-,0.03,377,-,0.01,-,-,-,-,-,"https://inmu.mahidol.ac.th/thaifcd//foodsearch/food_name/?dbcode=STD&food_group_id=84&id=1578&name=Rice noodles, small size, with beef ball and soup"
135,T107,"เส้นเล็ก, ลูกชิ้นเนื้อวัว, เนื้อสด-เปื่อย, น้ำ","Rice noodles, small size, with beef ball, beef, stewed beef and soup",-,1.90,8,-,9.90,-,-,-,-,-,-,1.70,-,-,-,-,-,1.20,-,80.6,1.00,39,-,5.90,-,0.06,380,-,0.01,79,-,-,-,-,"https://inmu.mahidol.ac.th/thaifcd//foodsearch/food_name/?dbcode=STD&food_group_id=84&id=1579&name=Rice noodles, small size, with beef ball, beef, stewed beef and soup"
136,T108,"เส้นเล็ก, ลูกชิ้นเนื้อวัว, เนื้อสด-เปื่อย, แห้ง","Rice noodles, small size, with beef ball, beef and stewed beef (wihout soup)",-,1.80,17,-,18.20,-,-,-,-,-,-,5.50,-,-,-,-,-,1.30,-,65.9,1.10,52,164,8.60,-,0.07,347,-,0.02,157,-,-,-,-,"https://inmu.mahidol.ac.th/thaifcd//foodsearch/food_name/?dbcode=STD&food_group_id=84&id=1580&name=Rice noodles, small size, with beef ball, beef and stewed beef (wihout soup)"
137,T110,"เส้นเล็ก, ลูกชิ้นเนื้อวัว, แห้ง","Rice noodles, small size, with beef ball (wihout soup)",-,1.80,27,-,17.60,-,-,-,-,-,-,6.70,-,-,-,-,-,-,-,68.3,-,42,179,5.50,-,0.05,350,-,0.01,153,-,-,-,-,"https://inmu.mahidol.ac.th/thaifcd//foodsearch/food_name/?dbcode=STD&food_group_id=84&id=1581&name=Rice noodles, small size, with beef ball (wihout soup)"
138,T111,"เส้นเล็ก, หมู, แห้ง","Rice noodles, small size, with pork (wihout soup)",-,1.23,147,-,21.00,-,-,-,-,-,-,10.39,-,-,-,-,-,1.92,-,59.5,2.50,128,132,7.86,575,0.54,311,-,0.08,209,575,1,-,-,"https://inmu.mahidol.ac.th/thaifcd//foodsearch/food_name/?dbcode=STD&food_group_id=84&id=1582&name=Rice noodles, small size, with pork (wihout soup)"
139,T112,"เส้นหมี่, เนื้อเปื่อย,น้ำ","Rice noodles, fine thread, with stewed beef and soup",-,1.70,-,7.80,-,-,-,-,0.8,-,79,2.70,-,-,-,-,-,-,34,81.6,-,79,138,5.40,-,-,564,-,-,-,-,-,0.96,-,"https://inmu.mahidol.ac.th/thaifcd//foodsearch/food_name/?dbcode=STD&food_group_id=84&id=1583&name=Rice noodles, fine thread, with stewed beef and soup"
140,T115,"เส้นหมี่, เนื้อสด,น้ำ","Rice noodles, fine thread, with beef and soup",-,1.60,-,8.10,-,-,-,-,0.9,-,70,2.00,-,-,-,-,-,-,35,83.0,-,92,170,4.40,-,-,484,-,-,-,-,-,1.20,-,"https://inmu.mahidol.ac.th/thaifcd//foodsearch/food_name/?dbcode=STD&food_group_id=84&id=1584&name=Rice noodles, fine thread, with beef and soup"
141,T113,"เส้นหมี่, เนื้อสด-เปื่อย","Rice noodles, fine thread, with beef and stewed beef (wihout soup)",-,1.90,-,8.10,-,-,-,-,1.0,-,79,2.70,-,-,-,-,-,-,-,81.2,-,-,105,5.10,-,-,479,-,-,-,-,-,-,-,"https://inmu.mahidol.ac.th/thaifcd//foodsearch/food_name/?dbcode=STD&food_group_id=84&id=1585&name=Rice noodles, fine thread, with beef and stewed beef (wihout soup)"
142,T114,"เส้นหมี่, เนื้อสด-เปื่อย, น้ำ","Rice noodles, fine thread, with beef and stewed beef and soup",-,3.10,-,-,10.90,-,-,-,-,-,-,1.80,-,-,-,-,-,1.80,32,77.3,-,77,141,6.90,-,-,563,-,-,87,-,-,1.30,-,"https://inmu.mahidol.ac.th/thaifcd//foodsearch/food_name/?dbcode=STD&food_group_id=84&id=1586&name=Rice noodles, fine thread, with beef and stewed beef and soup"
143,T312,"เส้นหมี่, ผัดซีอิ้ว","Fried rice noodles (fine thread) with pork, egg and soysauce",-,1.50,-,-,33.90,-,-,-,-,-,-,2.10,-,-,-,-,-,-,-,60.1,2.20,-,-,2.40,0,0.05,-,-,0.03,164,0,-,-,0,"https://inmu.mahidol.ac.th/thaifcd//foodsearch/food_name/?dbcode=STD&food_group_id=84&id=1587&name=Fried rice noodles (fine thread) with pork, egg and soysauce"
144,T122,"เส้นหมี่, ลูกชิ้นเนื้อวัว, น้ำ","Rice noodles, fine thread, with beef ball and soup",-,1.47,44,5.91,-,-,-,-,0.7,-,49,1.26,-,-,-,-,-,0.86,29,87.5,1.00,59,155,3.16,-,0.11,526,-,0.01,-,-,-,1.06,-,"https://inmu.mahidol.ac.th/thaifcd//foodsearch/food_name/?dbcode=STD&food_group_id=84&id=1588&name=Rice noodles, fine thread, with beef ball and soup"
145,T119,"เส้นหมี่, ลูกชิ้นเนื้อวัว, เนื้อสด, น้ำ","Rice noodles, fine thread, with beef ball, beef and soup",-,1.42,10,8.11,-,-,-,-,0.3,-,66,1.52,-,-,-,-,-,1.15,-,83.9,0.94,41,137,4.78,-,0.06,437,-,0.01,-,-,-,-,-,"https://inmu.mahidol.ac.th/thaifcd//foodsearch/food_name/?dbcode=STD&food_group_id=84&id=1589&name=Rice noodles, fine thread, with beef ball, beef and soup"
146,T121,"เส้นหมี่, ลูกชิ้นเนื้อวัว, แห้ง","Rice noodles, fine thread, with beef ball (without soup)",-,2.12,26,-,21.70,-,-,-,-,-,-,8.11,-,-,-,-,-,4.40,-,65.7,1.31,47,162,5.87,-,0.06,411,-,0.02,152,-,-,-,-,"https://inmu.mahidol.ac.th/thaifcd//foodsearch/food_name/?dbcode=STD&food_group_id=84&id=1590&name=Rice noodles, fine thread, with beef ball (without soup)"
147,T123,"เส้นใหญ่, ลูกชิ้นเนื้อวัว, น้ำ","Rice noodles, big size, with beef ball and soup",-,2.31,23,-,9.00,-,-,-,-,-,-,0.72,-,-,-,-,-,-,-,83.4,-,30,188,4.58,-,0.04,752,-,0.01,61,-,-,-,-,"https://inmu.mahidol.ac.th/thaifcd//foodsearch/food_name/?dbcode=STD&food_group_id=84&id=1591&name=Rice noodles, big size, with beef ball and soup"
148,T125,"เส้นใหญ่, ลูกชิ้นเนื้อวัว, เนื้อสด-เปื่อย, น้ำ","Rice noodles, big size, with beef ball, beef and stewed beef and soup",-,1.90,22,-,8.10,-,-,-,-,-,-,1.60,-,-,-,-,-,1.10,-,83.1,-,35,-,5.30,-,-,-,-,-,68,-,-,-,-,"https://inmu.mahidol.ac.th/thaifcd//foodsearch/food_name/?dbcode=STD&food_group_id=84&id=1592&name=Rice noodles, big size, with beef ball, beef and stewed beef and soup"
149,T126,"เส้นใหญ่, ลูกชิ้นเนื้อวัว, เนื้อสด-เปื่อย, แห้ง","Rice noodles, big size, with beef ball, beef and stewed beef",-,2.00,23,-,17.70,-,-,-,-,-,-,6.80,-,-,-,-,-,4.60,-,65.8,1.30,49,216,7.70,-,0.08,381,-,0.02,163,-,-,-,-,"https://inmu.mahidol.ac.th/thaifcd//foodsearch/food_name/?dbcode=STD&food_group_id=84&id=1593&name=Rice noodles, big size, with beef ball, beef and stewed beef"
150,T127,"เส้นใหญ่, หมู, น้ำ","Rice noodles, big size, with pork and soup",-,1.22,-,2.75,-,-,-,-,1.6,-,75,3.63,-,-,-,-,-,1.18,28,83.7,-,82,95,7.10,-,-,394,-,-,-,-,-,1.15,-,"https://inmu.mahidol.ac.th/thaifcd//foodsearch/food_name/?dbcode=STD&food_group_id=84&id=1594&name=Rice noodles, big size, with pork and soup"
151,T132,หมี่กะทิ,Mee-ka-thi (Rice noodles covered with tofu fried in coconut cream),-,1.70,38,24.50,-,-,-,-,0.0,-,173,6.60,-,-,-,-,-,0.70,-,63.3,0.90,64,-,3.90,-,0.89,-,-,0.63,-,-,1,-,-,https://inmu.mahidol.ac.th/thaifcd//foodsearch/food_name/?dbcode=STD&food_group_id=84&id=1595&name=Mee-ka-thi (Rice noodles covered with tofu fried in coconut cream)
152,T133,หอยแมลงภู่ทอดใส่ไข่,"Hoi-tod (Mussel, fried with egg and mungbean sprout)",-,1.20,158,15.10,-,-,-,-,0.0,-,219,14.10,-,-,-,-,-,0.40,-,61.6,1.80,194,-,8.00,-,1.17,-,-,0.80,-,-,1,-,-,"https://inmu.mahidol.ac.th/thaifcd//foodsearch/food_name/?dbcode=STD&food_group_id=84&id=1596&name=Hoi-tod (Mussel, fried with egg and mungbean sprout)"
153,T314,"กล้วย, เชื่อม","Banana, cooked  in concentrated syrup",Musa sp.,0.50,24,16.60,-,-,0.09,-,0.1,-,79,1.00,-,-,-,-,-,0.73,66,81.0,-,65,577,0.80,-,0.02,55,-,0.40,-,-,8,0.93,-,"https://inmu.mahidol.ac.th/thaifcd//foodsearch/food_name/?dbcode=STD&food_group_id=84&id=1597&name=Banana, cooked  in concentrated syrup"
154,T313,"กล้วยไข่, เชื่อม","Banana, boiled in syrup",-,0.70,-,53.30,-,-,-,-,1.7,-,238,1.80,-,-,-,-,-,-,-,41.3,-,-,-,1.20,-,-,-,-,-,-,-,-,-,-,"https://inmu.mahidol.ac.th/thaifcd//foodsearch/food_name/?dbcode=STD&food_group_id=84&id=1598&name=Banana, boiled in syrup"
155,T236,กล้วยบวชชี,Kluay-buad-shee (banana in sweet coconut milk),-,1.00,6,20.00,-,1,-,-,2.4,-,107,2.13,0.15,0.01,0.06,0.06,1.85,-,-,73.8,-,-,-,0.70,-,0.01,147,14.00,0.05,-,3,-,-,31,https://inmu.mahidol.ac.th/thaifcd//foodsearch/food_name/?dbcode=STD&food_group_id=84&id=1599&name=Kluay-buad-shee (banana in sweet coconut milk)
156,T237,กาละแม,Ka-la-mae (Thai caramel),-,0.82,9,80.69,-,4,-,-,1.7,-,407,7.98,0.65,0.01,0.25,0.19,6.52,3.20,-,6.6,-,-,-,2.18,-,-,76,24.19,-,-,-,-,-,-,https://inmu.mahidol.ac.th/thaifcd//foodsearch/food_name/?dbcode=STD&food_group_id=84&id=1600&name=Ka-la-mae (Thai caramel)
157,T315,ขนมโก๋,Ka-nom-ko,-,1.00,-,-,75.82,-,-,-,-,-,-,11.40,-,-,-,-,-,1.50,-,7.1,-,97,-,4.70,-,0.04,-,-,0.06,425,0,-,-,0,https://inmu.mahidol.ac.th/thaifcd//foodsearch/food_name/?dbcode=STD&food_group_id=84&id=1601&name=Ka-nom-ko
158,T238,ขนมครก,Ka-nom-khrok (coconut pudding),-,0.33,-,15.47,-,0,-,-,0.0,-,94,2.90,0.25,0.01,0.13,0.13,2.34,-,-,79.9,-,-,-,1.43,-,-,75,-,-,-,-,-,-,-,https://inmu.mahidol.ac.th/thaifcd//foodsearch/food_name/?dbcode=STD&food_group_id=84&id=1602&name=Ka-nom-khrok (coconut pudding)
159,T239,ขนมครกสิงคโปร์,Ka-nom-khrok-Singapore (coconut pudding with pandanus leaf),-,1.33,-,49.76,-,-,-,-,0.0,-,267,5.94,-,-,-,-,-,-,-,39.3,-,-,-,3.65,30,-,258,21.46,-,-,30,-,-,-,https://inmu.mahidol.ac.th/thaifcd//foodsearch/food_name/?dbcode=STD&food_group_id=84&id=1603&name=Ka-nom-khrok-Singapore (coconut pudding with pandanus leaf)
160,T240,ขนมจาก,"Ka-nom-jak (coconut meat mixed with black sticky rice flour and wrapped up with palm leaves, grilled)",-,1.13,11,44.17,-,0,-,-,5.8,-,390,20.90,4.22,0.01,2.27,2.28,13.47,1.97,-,24.7,-,-,-,3.37,-,-,107,-,-,-,-,-,-,-,"https://inmu.mahidol.ac.th/thaifcd//foodsearch/food_name/?dbcode=STD&food_group_id=84&id=1604&name=Ka-nom-jak (coconut meat mixed with black sticky rice flour and wrapped up with palm leaves, grilled)"
161,T160,ขนมชั้น,Ka-nom-shun (steamed layer cake),-,0.26,11,42.84,-,0,-,-,0.7,-,249,7.95,1.42,0.03,1.36,1.39,4.76,0.20,-,47.1,-,16,60,1.16,-,0.05,15,15.20,0.01,-,-,-,-,-,https://inmu.mahidol.ac.th/thaifcd//foodsearch/food_name/?dbcode=STD&food_group_id=84&id=1605&name=Ka-nom-shun (steamed layer cake)
162,T244,ขนมดู,Ka-nom-du (roasted sticky rice flour with honey and sugar),-,0.70,-,78.27,-,-,-,-,0.0,-,355,3.40,-,-,-,-,-,-,-,14.7,-,-,-,2.93,-,-,112,21.13,-,-,-,-,-,-,https://inmu.mahidol.ac.th/thaifcd//foodsearch/food_name/?dbcode=STD&food_group_id=84&id=1606&name=Ka-nom-du (roasted sticky rice flour with honey and sugar)
163,T161,ขนมตาล,Ka-nom-taan (steamed toddy palm cake),-,0.47,-,48.40,-,-,-,-,0.0,-,211,0.94,-,-,-,-,-,-,-,48.1,-,-,-,2.14,-,-,-,-,-,-,1,-,-,11,https://inmu.mahidol.ac.th/thaifcd//foodsearch/food_name/?dbcode=STD&food_group_id=84&id=1607&name=Ka-nom-taan (steamed toddy palm cake)
164,T162,ขนมถ้วยฟู,"Ka-nom touy-fu (rice cake, fermented)",-,0.50,-,-,-,-,-,-,0.0,-,-,-,-,-,-,-,-,-,-,50.5,-,-,-,2.00,-,-,-,-,-,-,-,-,-,-,"https://inmu.mahidol.ac.th/thaifcd//foodsearch/food_name/?dbcode=STD&food_group_id=84&id=1608&name=Ka-nom touy-fu (rice cake, fermented)"
165,T246,ขนมเทียน,Ka-nom-tian (stuffed dough pyramid),-,1.20,-,53.20,-,-,-,-,2.1,-,297,6.60,-,-,-,-,-,-,-,31.7,-,-,-,5.20,-,-,-,-,-,-,-,-,-,-,https://inmu.mahidol.ac.th/thaifcd//foodsearch/food_name/?dbcode=STD&food_group_id=84&id=1609&name=Ka-nom-tian (stuffed dough pyramid)
166,T247,ขนมบดิน,Ka-nom-badin (Thai-Muslim butter cake),-,1.27,-,53.13,-,49,-,-,0.0,-,389,16.00,5.45,0.09,1.21,1.32,8.57,0.60,-,21.4,-,-,-,8.20,-,-,152,-,-,-,-,-,-,-,https://inmu.mahidol.ac.th/thaifcd//foodsearch/food_name/?dbcode=STD&food_group_id=84&id=1610&name=Ka-nom-badin (Thai-Muslim butter cake)
167,T249,ขนมบัวลอย,Ka-nom-bua-loi (Thai glutinous rice dumplings in sweet coconut cream),-,1.40,10,29.35,-,-,-,-,0.6,-,145,2.40,0.20,0.00,0.07,0.07,2.03,0.30,-,65.0,-,-,-,1.25,-,-,266,-,-,-,1,-,-,6,https://inmu.mahidol.ac.th/thaifcd//foodsearch/food_name/?dbcode=STD&food_group_id=84&id=1611&name=Ka-nom-bua-loi (Thai glutinous rice dumplings in sweet coconut cream)
168,T248,ขนมบ้าบิ่น,Ka-nom-ba-bin (mixture of glutinous rice flour and egg baked with grated coconut),-,0.64,-,-,62.40,-,-,-,-,-,-,12.08,-,-,-,-,-,-,-,21.6,-,-,-,3.30,-,-,-,-,-,372,-,-,-,-,https://inmu.mahidol.ac.th/thaifcd//foodsearch/food_name/?dbcode=STD&food_group_id=84&id=1612&name=Ka-nom-ba-bin (mixture of glutinous rice flour and egg baked with grated coconut)
169,T136,ขนมฝักบัว,"Ka-nom-phug-bua (rice cake, deep fried)",-,0.33,-,-,59.40,-,-,-,-,-,-,10.22,-,-,-,-,-,-,-,27.2,-,-,-,2.90,-,-,84,16.10,-,341,-,-,-,-,"https://inmu.mahidol.ac.th/thaifcd//foodsearch/food_name/?dbcode=STD&food_group_id=84&id=1613&name=Ka-nom-phug-bua (rice cake, deep fried)"
170,T316,ขนมลา,Ka-nom-la,-,0.70,44,-,70.30,-,-,-,-,-,-,16.40,-,-,-,-,-,-,-,10.0,2.00,40,-,2.60,-,2.09,-,-,0.13,439,-,-,-,-,https://inmu.mahidol.ac.th/thaifcd//foodsearch/food_name/?dbcode=STD&food_group_id=84&id=1614&name=Ka-nom-la
171,T253,ขนมใส่ไส้/สอดไส้,Ka-nom-sai-sai/sod-sai (filled coconut cream),-,0.75,-,-,24.75,-,-,-,-,-,-,12.80,-,-,-,-,-,-,-,59.2,-,-,146,2.50,-,-,88,7.00,-,224,-,-,-,-,https://inmu.mahidol.ac.th/thaifcd//foodsearch/food_name/?dbcode=STD&food_group_id=84&id=1615&name=Ka-nom-sai-sai/sod-sai (filled coconut cream)
172,T138,ขนมหม้อแกง-ถั่ว,"Ka-nom-moh-kaeng (mungbean custard, baked)",-,0.90,9,27.70,-,-,-,-,4.2,-,207,7.20,-,-,-,-,-,-,-,54.2,0.80,72,-,5.80,8,0.18,-,-,0.05,-,8,-,-,-,"https://inmu.mahidol.ac.th/thaifcd//foodsearch/food_name/?dbcode=STD&food_group_id=84&id=1616&name=Ka-nom-moh-kaeng (mungbean custard, baked)"
173,T170,"ขนมไหว้พระจันทร์, ไส้ทุเรียน","Cake, Moon cake, durian filled",-,1.50,23,56.90,-,-,-,-,3.7,-,345,9.98,-,-,-,-,-,1.24,-,22.8,-,-,-,5.11,0,-,67,27.54,-,-,0,-,-,0,"https://inmu.mahidol.ac.th/thaifcd//foodsearch/food_name/?dbcode=STD&food_group_id=84&id=1617&name=Cake, Moon cake, durian filled"
174,T171,"ขนมไหว้พระจันทร์, ไส้ทุเรียน + ไข่","Cake, Moon cake, durian and egg filled",-,1.45,36,53.32,-,-,-,-,3.2,-,375,14.17,-,-,-,-,-,1.37,-,20.8,-,-,-,7.03,25,-,83,25.04,-,-,25,-,-,0,"https://inmu.mahidol.ac.th/thaifcd//foodsearch/food_name/?dbcode=STD&food_group_id=84&id=1618&name=Cake, Moon cake, durian and egg filled"
175,T167,"ขนมไหว้พระจันทร์, ไส้พุทรา","Cake, Moon cake, jujube filled",-,0.54,34,56.61,-,-,-,-,5.5,-,338,9.16,-,-,-,-,-,1.10,-,23.8,-,-,-,4.44,0,-,30,21.40,-,-,0,0,-,0,"https://inmu.mahidol.ac.th/thaifcd//foodsearch/food_name/?dbcode=STD&food_group_id=84&id=1619&name=Cake, Moon cake, jujube filled"
176,T168,"ขนมไหว้พระจันทร์, ไส้เมล็ดบัว","Cake, Moon cake, lotus seed filled",-,0.69,45,55.66,-,-,-,-,2.4,-,384,14.84,-,-,-,-,-,1.10,-,20.7,-,-,-,5.76,0,-,40,26.82,-,-,0,-,-,0,"https://inmu.mahidol.ac.th/thaifcd//foodsearch/food_name/?dbcode=STD&food_group_id=84&id=1620&name=Cake, Moon cake, lotus seed filled"
177,T169,"ขนมไหว้พระจันทร์, ไส้เมล็ดบัว+ไข่","Cake, Moon cake, lotus seed and egg filled",-,0.89,62,52.21,-,-,-,-,1.9,-,404,18.24,-,-,-,-,-,1.85,-,20.0,-,-,-,6.71,25,-,64,28.84,-,-,25,-,-,0,"https://inmu.mahidol.ac.th/thaifcd//foodsearch/food_name/?dbcode=STD&food_group_id=84&id=1621&name=Cake, Moon cake, lotus seed and egg filled"
178,T172,"ขนมไหว้พระจันทร์, ไส้โหงวยิ้ง","Cake, Moon cake, five nuts filled",-,1.72,43,46.14,-,-,-,-,2.6,-,450,24.00,-,-,-,-,-,3.53,-,14.6,-,-,-,11.04,0,-,189,27.17,-,-,-,0,-,0,"https://inmu.mahidol.ac.th/thaifcd//foodsearch/food_name/?dbcode=STD&food_group_id=84&id=1622&name=Cake, Moon cake, five nuts filled"
179,T317,ข้าวหมาก,"Khao-maak (glutinous rice, fermented)",Oryza sativa,0.11,6,41.43,-,-,0.03,-,0.3,100.000,183,0.12,-,-,-,-,-,0.08,3,54.1,0.35,20,5,3.94,-,0.00,7,27.94,0.02,-,0,-,0.83,0,"https://inmu.mahidol.ac.th/thaifcd//foodsearch/food_name/?dbcode=STD&food_group_id=84&id=1623&name=Khao-maak (glutinous rice, fermented)"
180,T139,ข้าวเหนียวมูล,"Khao-niao-moon (glutinous rice, steamed in coconut milk)",-,0.90,1,52.20,-,-,-,-,1.7,-,281,6.30,-,-,-,-,-,-,-,35.8,0.30,18,-,3.10,-,0.03,-,-,-,-,0,-,-,0,"https://inmu.mahidol.ac.th/thaifcd//foodsearch/food_name/?dbcode=STD&food_group_id=84&id=1624&name=Khao-niao-moon (glutinous rice, steamed in coconut milk)"
181,T318,"เฉาก๊วย, สูตรต่างๆ",Grass jelly (Chao kuai),Mesona chinensis,0.75,-,-,3.93,-,-,-,-,-,-,0.00,-,-,-,-,-,1.35,-,95.2,-,-,-,0.15,-,-,-,-,-,16,-,-,-,-,https://inmu.mahidol.ac.th/thaifcd//foodsearch/food_name/?dbcode=STD&food_group_id=84&id=1625&name=Grass jelly (Chao kuai)
182,T164,ซาหริ่ม,Sa-rim (mungbean thread in coconut milk),-,0.10,7,29.01,-,-,-,-,1.2,-,160,4.50,-,-,-,-,-,0.00,-,65.0,0.10,6,-,0.20,-,0.00,-,-,0.01,-,0,-,-,0,https://inmu.mahidol.ac.th/thaifcd//foodsearch/food_name/?dbcode=STD&food_group_id=84&id=1626&name=Sa-rim (mungbean thread in coconut milk)
183,T140,ตะโก้แห้ว,Tako-haew (coconut pudding with water chestnut),-,0.80,5,18.20,-,-,-,-,3.0,-,132,5.70,-,-,-,-,-,0.00,-,71.6,0.20,19,-,0.70,-,0.00,-,-,0.00,-,1,-,-,11,https://inmu.mahidol.ac.th/thaifcd//foodsearch/food_name/?dbcode=STD&food_group_id=84&id=1627&name=Tako-haew (coconut pudding with water chestnut)
184,T261,เต้าส่วน,Tao-suan,-,0.67,8,25.60,-,0,-,-,2.0,-,136,2.13,0.12,0.04,0.22,0.27,1.65,0.50,-,66.9,-,-,-,2.70,-,0.01,97,16.10,0.02,-,-,-,-,-,https://inmu.mahidol.ac.th/thaifcd//foodsearch/food_name/?dbcode=STD&food_group_id=84&id=1628&name=Tao-suan
185,T319,เต้าฮวย,"Soybean curd, soft (Tau-huay)",Glycine max,0.50,54,-,9.98,-,-,-,-,-,-,3.02,-,-,-,-,-,0.64,-,84.8,0.54,25,100,1.74,-,0.03,52,-,-,74,-,-,-,-,"https://inmu.mahidol.ac.th/thaifcd//foodsearch/food_name/?dbcode=STD&food_group_id=84&id=1629&name=Soybean curd, soft (Tau-huay)"
186,T320,"เต้าฮวย, ชนิดแคลเซียมสูง","Soybean curd, soft (Tau-huay), high calcium",Glycine max,0.77,142,-,4.95,-,-,-,-,-,-,2.04,-,-,-,-,-,0.23,-,89.9,0.81,34,101,2.35,-,0.03,34,-,0.04,48,-,-,-,-,"https://inmu.mahidol.ac.th/thaifcd//foodsearch/food_name/?dbcode=STD&food_group_id=84&id=1630&name=Soybean curd, soft (Tau-huay), high calcium"
187,T396,"ถั่วเขียว, เมล็ด, ต้มน้ำตาล","Mungbean, mature seeds, boiled, added sugar",Vigna radiata,0.45,16,24.23,-,-,-,-,2.2,-,114,0.15,-,-,-,-,-,0.50,-,70.1,-,-,-,2.90,-,0.00,7,20.83,0.07,-,-,-,-,-,"https://inmu.mahidol.ac.th/thaifcd//foodsearch/food_name/?dbcode=STD&food_group_id=84&id=1631&name=Mungbean, mature seeds, boiled, added sugar"
188,T263,"ทองม้วน, รวมรสหวาน แยกรสหวานออกมาจากรสต่างๆ",Tong-muan,-,1.93,38,71.50,-,-,-,-,0.9,-,481,19.67,-,-,-,-,-,1.80,-,2.1,-,-,-,3.98,-,0.03,236,38.90,0.55,-,-,-,-,-,https://inmu.mahidol.ac.th/thaifcd//foodsearch/food_name/?dbcode=STD&food_group_id=84&id=1632&name=Tong-muan
189,T262,"ทองม้วน, รสต่างๆ",Tong-muan,-,1.90,39,71.81,-,26,-,-,1.3,-,471,18.02,-,-,-,-,13.98,1.75,-,2.2,-,-,-,4.78,-,0.03,292,32.71,0.47,-,-,-,-,-,https://inmu.mahidol.ac.th/thaifcd//foodsearch/food_name/?dbcode=STD&food_group_id=84&id=1633&name=Tong-muan
190,T141,ทองหยอด,"Thong-yodd (golden dropped, egg yolk dropped in heavy syrup)",-,0.40,52,49.30,-,-,-,-,0.6,-,336,13.40,-,-,-,-,-,0.20,-,31.4,0.50,92,-,4.30,83,0.26,-,-,0.19,-,83,-,-,0,"https://inmu.mahidol.ac.th/thaifcd//foodsearch/food_name/?dbcode=STD&food_group_id=84&id=1634&name=Thong-yodd (golden dropped, egg yolk dropped in heavy syrup)"
191,T142,ทองหยิบ,"Thong-yip (egg yolk sheeted in heavy syrup, cupped)",-,0.20,66,46.50,-,-,-,-,1.3,-,397,19.70,-,-,-,-,-,0.30,-,24.5,0.10,107,-,7.80,201,0.31,-,-,0.24,-,201,-,-,0,"https://inmu.mahidol.ac.th/thaifcd//foodsearch/food_name/?dbcode=STD&food_group_id=84&id=1635&name=Thong-yip (egg yolk sheeted in heavy syrup, cupped)"
192,T264,น้ำกะทิใส่น้ำเชื่อม,Coconut milk with syrup,-,1.17,-,31.30,-,-,-,-,0.0,-,196,7.60,-,-,-,-,-,-,-,59.2,-,-,-,0.70,-,-,212,29.40,-,-,-,-,-,-,https://inmu.mahidol.ac.th/thaifcd//foodsearch/food_name/?dbcode=STD&food_group_id=84&id=1636&name=Coconut milk with syrup
193,T265,เผือกกวน,Taro pudding,-,1.25,-,-,42.20,0,-,-,-,-,-,8.40,1.52,0.03,0.22,0.26,6.20,-,-,45.6,-,-,398,2.60,-,-,24,25.15,-,255,-,-,-,-,https://inmu.mahidol.ac.th/thaifcd//foodsearch/food_name/?dbcode=STD&food_group_id=84&id=1637&name=Taro pudding
194,T158,เม็ดขนุน,Med khanun (mock jackfruit seeds),-,0.93,116,36.01,-,236,-,-,3.6,-,304,12.80,4.57,0.49,1.86,2.36,5.59,0.30,-,37.2,0.20,210,216,9.45,20,0.36,28,23.15,0.18,-,21,-,-,13,https://inmu.mahidol.ac.th/thaifcd//foodsearch/food_name/?dbcode=STD&food_group_id=84&id=1638&name=Med khanun (mock jackfruit seeds)
195,T323,"เยลลี่คาราจีแนน, ผสมบุก, น้ำผลไม้รสต่างๆ 15%, พร้อมวุ้นมะพร้าว","Jelly caragenan, mixed with elephant yam and nata de coco, in 15% fruit juice, different flavours",-,0.50,-,31.20,-,-,-,-,0.3,-,125,0.00,-,-,-,-,-,-,-,68.0,-,-,-,0.00,-,-,38,31.50,-,-,-,-,-,-,"https://inmu.mahidol.ac.th/thaifcd//foodsearch/food_name/?dbcode=STD&food_group_id=84&id=1639&name=Jelly caragenan, mixed with elephant yam and nata de coco, in 15% fruit juice, different flavours"
196,T321,"เยลลี่คาราจีแนน, ผสมบุกและน้ำผลไม้รสต่างๆ 10%","Jelly caragenan, mixed with elephant yam, in 10% fruit juice, different flavours",-,0.17,-,9.05,-,-,-,-,0.2,-,37,0.00,-,-,-,-,-,-,-,90.6,-,-,-,0.00,-,-,23,8.62,-,-,-,-,-,-,"https://inmu.mahidol.ac.th/thaifcd//foodsearch/food_name/?dbcode=STD&food_group_id=84&id=1640&name=Jelly caragenan, mixed with elephant yam, in 10% fruit juice, different flavours"
197,T322,"เยลลี่คาราจีแนน, ผสมบุกและน้ำผลไม้รสต่างๆ 20%","Jelly caragenan, mixed with elephant yam, in 20% fruit juice, different flavours",-,0.20,-,24.53,-,-,-,-,0.2,-,99,0.00,-,-,-,-,-,-,-,75.1,-,-,-,0.00,-,-,16,22.95,-,-,-,-,-,-,"https://inmu.mahidol.ac.th/thaifcd//foodsearch/food_name/?dbcode=STD&food_group_id=84&id=1641&name=Jelly caragenan, mixed with elephant yam, in 20% fruit juice, different flavours"
198,T163,ลอดช่องน้ำกะทิ,Lod-chong in coconut milk,-,0.50,4,22.68,-,-,-,-,1.5,-,130,3.64,-,-,-,-,-,-,-,70.9,0.60,19,-,0.79,-,-,-,-,0.02,-,-,-,-,-,https://inmu.mahidol.ac.th/thaifcd//foodsearch/food_name/?dbcode=STD&food_group_id=84&id=1642&name=Lod-chong in coconut milk
199,T273,ลูกชุบ,Luk chup (fruit-shape desserts made of mung-bean flour with natural colouring),-,0.53,7,21.13,-,-,-,-,1.8,-,111,1.10,0.13,0.04,0.13,0.16,0.78,0.60,-,72.2,-,-,-,3.27,-,0.01,83,-,0.04,-,-,-,-,-,https://inmu.mahidol.ac.th/thaifcd//foodsearch/food_name/?dbcode=STD&food_group_id=84&id=1643&name=Luk chup (fruit-shape desserts made of mung-bean flour with natural colouring)
200,T274,ลูกเดือยน้ำกะทิ,,-,,,,,,,,,,,,,,,,,,,,,,,,,,,,,,,,,,https://inmu.mahidol.ac.th/thaifcd//foodsearch/food_name/?dbcode=STD&food_group_id=84&id=1644&name=
201,T151,"ลูกตาล, เชื่อม",Toddy palm in heavy syrup,-,0.47,-,59.16,-,-,-,-,0.0,-,243,0.10,-,-,-,-,-,-,-,38.8,-,-,-,1.47,-,-,-,-,-,-,-,-,-,-,https://inmu.mahidol.ac.th/thaifcd//foodsearch/food_name/?dbcode=STD&food_group_id=84&id=1645&name=Toddy palm in heavy syrup
202,T150,วุ้นกะทิใบเตย,"Wun-ka-thi (Jelly with coconut cream, pandanus leaves flavoured)",-,0.70,1,20.60,-,-,-,-,0.0,-,132,5.30,-,-,-,-,-,0.00,-,72.8,0.10,18,-,0.60,-,0.00,-,-,0.00,-,1,-,-,10,"https://inmu.mahidol.ac.th/thaifcd//foodsearch/food_name/?dbcode=STD&food_group_id=84&id=1646&name=Wun-ka-thi (Jelly with coconut cream, pandanus leaves flavoured)"
203,T275,วุ้นตาล,Toddy palm jelly,-,-,-,8.50,-,-,-,-,0.0,-,35,0.03,-,-,-,-,-,-,64,90.8,-,-,-,0.10,-,-,-,-,-,-,-,-,-,-,https://inmu.mahidol.ac.th/thaifcd//foodsearch/food_name/?dbcode=STD&food_group_id=84&id=1647&name=Toddy palm jelly
204,T276,วุ้นใบเตย,Pandanus Jelly,-,0.35,-,14.25,-,0,-,-,0.0,-,93,3.80,0.66,0.03,0.66,0.69,2.30,-,-,81.3,-,-,52,0.35,-,-,46,12.55,-,-,-,-,-,-,https://inmu.mahidol.ac.th/thaifcd//foodsearch/food_name/?dbcode=STD&food_group_id=84&id=1648&name=Pandanus Jelly
205,T325,"วุ้นมะพร้าว, ผสมถั่วแดง, แห้ว, เนื้อมะพร้าวในน้ำเชื่อม","Nata de coco, mixed with red kidney bean and  water chestnut in syrup",-,0.20,6,27.50,-,-,-,-,1.7,-,118,0.20,-,-,-,-,-,0.20,-,69.6,-,-,-,0.80,-,-,15,24.50,-,-,-,-,-,-,"https://inmu.mahidol.ac.th/thaifcd//foodsearch/food_name/?dbcode=STD&food_group_id=84&id=1649&name=Nata de coco, mixed with red kidney bean and  water chestnut in syrup"
206,T324,วุ้นมะพร้าวในน้ำเชื่อม,Nata de coco in syrup,-,0.04,1,26.46,-,-,-,-,0.4,-,107,0.00,-,-,-,-,-,0.15,-,73.1,-,-,-,0.00,-,-,3,25.30,-,-,-,-,-,-,https://inmu.mahidol.ac.th/thaifcd//foodsearch/food_name/?dbcode=STD&food_group_id=84&id=1650&name=Nata de coco in syrup
207,T277,วุ้นมะพร้าวอ่อน,Young coconut jelly,-,0.90,13,13.63,-,0,-,-,1.3,-,127,7.47,1.76,0.01,1.49,1.51,6.00,0.25,-,78.3,1.00,-,204,0.72,-,-,68,13.63,-,-,-,-,-,-,https://inmu.mahidol.ac.th/thaifcd//foodsearch/food_name/?dbcode=STD&food_group_id=84&id=1651&name=Young coconut jelly
208,T147,สังขยา,"Sangkhaya (egg custard, steamed)",-,0.63,160,25.83,-,174,-,-,3.8,-,207,8.40,2.67,0.13,1.09,1.22,4.11,0.60,-,56.3,1.10,39,81,5.07,0,0.15,58,25.80,0.03,-,1,-,-,10,"https://inmu.mahidol.ac.th/thaifcd//foodsearch/food_name/?dbcode=STD&food_group_id=84&id=1652&name=Sangkhaya (egg custard, steamed)"
209,T278,สังขยาใบเตย,"Sangkhaya bai teoy (egg custard, with pandanus leaf, steamed)",-,0.75,-,26.80,-,120,-,-,0.0,-,267,15.55,3.71,0.10,2.45,2.55,7.98,-,-,52.0,-,-,158,4.90,-,-,70,22.45,-,-,-,-,-,-,"https://inmu.mahidol.ac.th/thaifcd//foodsearch/food_name/?dbcode=STD&food_group_id=84&id=1653&name=Sangkhaya bai teoy (egg custard, with pandanus leaf, steamed)"
210,T279,สังขยาฟักทอง,"Sangkhaya fuk tong (egg custard, with pandanus leaf, steamed in pumpkin",-,1.10,38,27.30,-,-,-,-,0.4,-,210,8.80,-,-,-,-,-,1.10,-,57.2,-,-,-,5.20,-,-,119,26.10,-,-,-,-,-,-,"https://inmu.mahidol.ac.th/thaifcd//foodsearch/food_name/?dbcode=STD&food_group_id=84&id=1654&name=Sangkhaya fuk tong (egg custard, with pandanus leaf, steamed in pumpkin"
211,T280,สาคูถั่วดำ,Sago & Black Bean in Coconut Syrup,-,0.87,8,19.61,-,1,-,-,2.5,-,138,5.08,0.36,0.03,0.12,0.16,4.04,0.73,-,69.7,-,-,-,2.25,-,0.00,138,13.20,0.02,-,-,-,-,-,https://inmu.mahidol.ac.th/thaifcd//foodsearch/food_name/?dbcode=STD&food_group_id=84&id=1655&name=Sago & Black Bean in Coconut Syrup
212,T234,กรอบเค็ม,"Krob-kem (small pieces of pastry, slightly sweetened and salted)",-,2.30,29,58.60,-,-,-,-,2.6,-,480,23.90,-,-,-,-,-,1.20,-,6.2,-,-,-,6.40,-,0.01,347,26.30,0.44,-,-,-,-,-,"https://inmu.mahidol.ac.th/thaifcd//foodsearch/food_name/?dbcode=STD&food_group_id=84&id=1656&name=Krob-kem (small pieces of pastry, slightly sweetened and salted)"
213,T235,"กระยาสารท, รสต่างๆ","Kra-ya-sart (Thai sweet made of rice, nut, sesame-seeds and sugar), different flavours",-,1.66,29,49.56,-,27,-,-,2.4,-,524,31.37,-,-,-,-,17.50,2.73,-,5.4,-,-,-,9.55,-,0.02,83,21.85,0.07,-,-,-,-,-,"https://inmu.mahidol.ac.th/thaifcd//foodsearch/food_name/?dbcode=STD&food_group_id=84&id=1657&name=Kra-ya-sart (Thai sweet made of rice, nut, sesame-seeds and sugar), different flavours"
214,T326,"กล้วย, ทอด","Banana, deep fried",Musa sp.,3.30,20,57.60,-,-,-,-,4.0,-,524,30.80,-,-,-,-,-,0.90,-,2.2,-,-,-,2.10,-,0.00,352,3.00,0.01,-,-,-,-,-,"https://inmu.mahidol.ac.th/thaifcd//foodsearch/food_name/?dbcode=STD&food_group_id=84&id=1658&name=Banana, deep fried"
215,T327,"กล้วย, อบ","Banana, baked",Musa sp.,2.65,17,69.02,-,-,-,-,4.6,-,462,19.00,-,-,-,-,-,1.02,-,3.3,-,-,-,1.40,-,-,209,14.45,0.03,-,8,-,-,101,"https://inmu.mahidol.ac.th/thaifcd//foodsearch/food_name/?dbcode=STD&food_group_id=84&id=1659&name=Banana, baked"
216,T328,"กล้วยพันธุ์ต่างๆ, อบกรอบ, รสธรรมชาติ","Banana, different varieties, crispy, original flavour",Musa sp.,3.32,-,69.62,-,-,-,-,7.3,-,435,14.23,-,-,-,-,-,1.00,-,2.1,-,-,-,3.48,-,-,28,52.42,-,-,-,7,-,-,"https://inmu.mahidol.ac.th/thaifcd//foodsearch/food_name/?dbcode=STD&food_group_id=84&id=1660&name=Banana, different varieties, crispy, original flavour"
217,T329,"กล้วยหอม, ทอดกรอบ, รสต่างๆ","Banana, crispy fried, different flavour",Musa sp.,3.30,-,47.10,-,-,-,-,4.5,-,570,40.10,-,-,-,-,-,-,-,2.2,-,-,-,2.90,-,-,306,14.50,-,-,-,-,-,-,"https://inmu.mahidol.ac.th/thaifcd//foodsearch/food_name/?dbcode=STD&food_group_id=84&id=1661&name=Banana, crispy fried, different flavour"
218,T241,"ขนมจีบ, กุ้ง",Ka-nom-jeep-kung (Chinese steamed prawn dumplings),-,2.20,20,11.82,-,-,-,-,1.5,-,189,10.40,-,-,-,-,-,0.35,-,62.8,-,-,-,11.30,-,-,521,-,-,-,-,-,-,-,https://inmu.mahidol.ac.th/thaifcd//foodsearch/food_name/?dbcode=STD&food_group_id=84&id=1662&name=Ka-nom-jeep-kung (Chinese steamed prawn dumplings)
219,T242,"ขนมจีบ, ไก่",Ka-nom-jeep-gai (Chinese steamed chicken dumplings),-,2.23,-,23.90,-,14,-,-,0.0,-,163,3.90,1.38,0.06,0.71,0.78,1.57,0.90,-,62.0,-,-,-,7.97,-,-,401,-,-,-,-,-,-,-,https://inmu.mahidol.ac.th/thaifcd//foodsearch/food_name/?dbcode=STD&food_group_id=84&id=1663&name=Ka-nom-jeep-gai (Chinese steamed chicken dumplings)
220,T243,"ขนมจีบ, หมูสับ",Ka-nom-jeep-moo-sub (Chinese steamed minced pork dumplings),-,1.27,8,8.38,-,-,-,-,1.2,-,119,6.85,-,-,-,-,-,0.70,-,76.8,-,-,-,5.43,3,0.01,253,-,0.55,-,3,-,-,-,https://inmu.mahidol.ac.th/thaifcd//foodsearch/food_name/?dbcode=STD&food_group_id=84&id=1664&name=Ka-nom-jeep-moo-sub (Chinese steamed minced pork dumplings)
221,T245,"ขนมโตเกียว, หมูสับ","Ka-nom-tokyo (pancakes wrapped with minced pork, Thai style)",-,1.17,24,13.97,-,-,-,-,0.0,-,122,4.67,1.80,0.12,0.81,0.94,1.72,0.93,-,74.2,-,-,-,5.97,112,0.13,192,4.50,0.11,-,112,-,-,-,"https://inmu.mahidol.ac.th/thaifcd//foodsearch/food_name/?dbcode=STD&food_group_id=84&id=1665&name=Ka-nom-tokyo (pancakes wrapped with minced pork, Thai style)"
222,T250,"ขนมเบื้อง, ครีม, ไส้เค็ม","Ka-nom-buang-cream-sai-khem (crispy rice flour sheet with cream, prawn and grated coconut filling)",-,1.57,13,71.03,-,-,0.19,-,1.8,-,368,6.90,-,-,-,-,-,1.60,-,14.2,-,-,-,4.53,-,-,175,-,-,-,-,-,0.63,-,"https://inmu.mahidol.ac.th/thaifcd//foodsearch/food_name/?dbcode=STD&food_group_id=84&id=1666&name=Ka-nom-buang-cream-sai-khem (crispy rice flour sheet with cream, prawn and grated coconut filling)"
223,T251,"ขนมเบื้อง, ครีม, ไส้หวาน","Ka-nom-buang-cream-sai-wan (crispy rice flour sheet with cream, gold thread, egg yolk strained in heavy syrup and grated coconut filling)",-,1.29,-,62.42,-,-,0.20,-,2.3,-,370,9.56,-,-,-,-,-,-,-,16.9,-,-,-,7.53,114,-,93,45.20,-,-,114,-,1.20,-,"https://inmu.mahidol.ac.th/thaifcd//foodsearch/food_name/?dbcode=STD&food_group_id=84&id=1667&name=Ka-nom-buang-cream-sai-wan (crispy rice flour sheet with cream, gold thread, egg yolk strained in heavy syrup and grated coconut filling)"
224,T252,"ขนมเบื้องไทย, ไส้เค็ม",Ka-nom buang Thai sai khem (crispy rice flour sheet with prawn and grated coconut filling),-,1.75,52,-,40.78,-,-,-,-,-,-,20.90,-,-,-,-,-,2.53,-,29.0,-,-,-,7.57,-,-,244,-,-,382,-,-,-,-,https://inmu.mahidol.ac.th/thaifcd//foodsearch/food_name/?dbcode=STD&food_group_id=84&id=1668&name=Ka-nom buang Thai sai khem (crispy rice flour sheet with prawn and grated coconut filling)
225,T330,"ขนุน, อบกรอบ","Jackfruit, crispy baked",Artocarpus heterophyllus,3.95,67,66.15,-,-,-,-,8.5,-,413,11.65,-,-,-,-,-,1.30,-,3.0,-,-,-,6.75,-,0.11,25,51.35,0.53,-,-,-,-,-,"https://inmu.mahidol.ac.th/thaifcd//foodsearch/food_name/?dbcode=STD&food_group_id=84&id=1669&name=Jackfruit, crispy baked"
226,T254,ข้าวเกรียบปากหม้อไส้หมู,"Khao-kriab-pak-mor sai-moo (steamed rice skin dumplings, minced pork filled)",-,0.53,9,-,15.90,-,-,-,-,-,-,3.83,-,-,-,-,-,0.63,-,77.6,-,-,-,2.17,-,0.00,102,5.37,0.14,107,-,-,-,-,"https://inmu.mahidol.ac.th/thaifcd//foodsearch/food_name/?dbcode=STD&food_group_id=84&id=1670&name=Khao-kriab-pak-mor sai-moo (steamed rice skin dumplings, minced pork filled)"
227,T202,ข้าวซอยตัด,Northern style snack bar (Khao-soi bar),-,0.67,-,57.00,-,-,-,-,1.7,-,506,27.53,-,-,-,-,-,-,-,6.4,-,-,-,6.70,-,-,112,18.00,0.02,-,-,-,-,-,https://inmu.mahidol.ac.th/thaifcd//foodsearch/food_name/?dbcode=STD&food_group_id=84&id=1671&name=Northern style snack bar (Khao-soi bar)
228,T255,ข้าวต้มมัด,Kao-tom-mud (steamed glutinous rice with black bean and banana filling),-,0.80,-,-,42.80,-,-,-,-,-,-,3.75,-,-,-,-,-,-,-,49.6,-,-,183,3.05,-,-,142,14.40,-,217,-,-,-,-,https://inmu.mahidol.ac.th/thaifcd//foodsearch/food_name/?dbcode=STD&food_group_id=84&id=1672&name=Kao-tom-mud (steamed glutinous rice with black bean and banana filling)
229,T256,ข้าวต้มมัดญวน (ไส้ถั่วและหมู),Kao-tom-mud-Veitnam (steamed glutinous rice with pork and mungbean),-,0.70,-,33.60,-,-,-,-,0.5,-,194,4.15,-,-,-,-,-,0.50,-,55.8,-,-,-,5.30,-,0.01,167,0.50,0.08,-,-,-,-,-,https://inmu.mahidol.ac.th/thaifcd//foodsearch/food_name/?dbcode=STD&food_group_id=84&id=1673&name=Kao-tom-mud-Veitnam (steamed glutinous rice with pork and mungbean)
230,T331,"ข้าวตัง, หน้าต่างๆ","Rice, dried, deep-fried, with different topping",Oryza sativa,2.00,86,58.85,-,-,-,-,0.9,-,517,27.75,-,-,-,-,-,1.65,-,3.1,-,-,-,7.48,-,0.09,436,20.73,0.04,-,-,-,-,-,"https://inmu.mahidol.ac.th/thaifcd//foodsearch/food_name/?dbcode=STD&food_group_id=84&id=1674&name=Rice, dried, deep-fried, with different topping"
231,T332,ข้าวแต๋น (ไม่มีหน้า),Rice cracker (Khaotan-OTOP product),Oryza glutinosa,1.40,13,66.23,-,0,0.10,-,1.2,100.000,510,24.41,7.08,0.02,1.56,1.58,12.10,0.40,4,1.1,-,43,-,5.62,-,-,400,0.60,-,-,0,-,1.12,-,https://inmu.mahidol.ac.th/thaifcd//foodsearch/food_name/?dbcode=STD&food_group_id=84&id=1675&name=Rice cracker (Khaotan-OTOP product)
232,T333,"ข้าวแต๋น, รสสาหร่าย","Rice cracker (Khaotan), topped with seaweed",-,2.60,-,65.20,-,-,-,-,0.9,-,503,24.40,-,-,-,-,10.11,0.50,-,1.6,-,-,-,5.30,-,-,604,4.90,-,-,-,-,-,-,"https://inmu.mahidol.ac.th/thaifcd//foodsearch/food_name/?dbcode=STD&food_group_id=84&id=1676&name=Rice cracker (Khaotan), topped with seaweed"
233,T334,"ข้าวแต๋น, หน้าธัญพืช","Rice cracker (Khaotan), topped with mixed cereals and seeds",-,1.55,17,61.05,-,-,-,-,2.1,-,484,22.65,-,-,-,-,-,1.60,-,4.8,-,-,-,7.85,-,0.03,300,19.80,0.06,-,-,-,-,-,"https://inmu.mahidol.ac.th/thaifcd//foodsearch/food_name/?dbcode=STD&food_group_id=84&id=1677&name=Rice cracker (Khaotan), topped with mixed cereals and seeds"
234,T335,"ข้าวแต๋น, หน้าน้ำตาล (นางเล็ต) รสหวาน","Rice cracker (Khaotan), topped with concentrated cane sugar",-,1.70,-,66.40,-,0,-,-,1.3,-,488,22.00,-,-,-,-,8.53,0.80,-,3.2,-,-,-,5.40,-,-,363,16.20,-,-,-,-,-,-,"https://inmu.mahidol.ac.th/thaifcd//foodsearch/food_name/?dbcode=STD&food_group_id=84&id=1678&name=Rice cracker (Khaotan), topped with concentrated cane sugar"
235,T336,"ข้าวแต๋น, หน้าหมูหยอง","Rice cracker (Khaotan), topped with dried pork",-,1.90,12,66.70,-,-,-,-,0.8,-,448,16.20,-,-,-,-,-,0.70,-,6.0,-,-,-,8.40,-,0.05,571,17.80,0.03,-,-,-,-,-,"https://inmu.mahidol.ac.th/thaifcd//foodsearch/food_name/?dbcode=STD&food_group_id=84&id=1679&name=Rice cracker (Khaotan), topped with dried pork"
236,T337,ข้าวแต๋นน้ำแตงโม,"Rice cracker (Khaotan), water melon flavoured",-,1.50,-,66.20,-,-,-,-,1.5,-,492,22.70,-,-,-,-,-,0.30,-,3.1,-,-,-,5.10,-,-,378,7.90,-,-,-,-,-,-,"https://inmu.mahidol.ac.th/thaifcd//foodsearch/food_name/?dbcode=STD&food_group_id=84&id=1680&name=Rice cracker (Khaotan), water melon flavoured"
237,T338,"ข้าวแผ่น, ทอดกรอบ, รสต่างๆ","Rice, chip, fried, with different flavours",Oryza sativa,2.00,18,59.02,-,-,-,-,3.5,-,525,28.85,-,-,-,-,-,1.82,-,1.1,-,-,-,5.53,-,0.03,274,0.90,0.14,-,-,-,-,-,"https://inmu.mahidol.ac.th/thaifcd//foodsearch/food_name/?dbcode=STD&food_group_id=84&id=1681&name=Rice, chip, fried, with different flavours"
238,T339,"ข้าวโพดทอดกรอบ, ปรุงรส, กลิ่นต่างๆ","Corn snack, fried, seasoned, different flavours",-,1.90,27,54.12,-,-,-,-,1.3,100.000,568,36.55,-,-,-,-,-,1.10,-,1.2,-,-,-,4.99,-,0.03,463,1.35,0.78,-,0,0,-,0,"https://inmu.mahidol.ac.th/thaifcd//foodsearch/food_name/?dbcode=STD&food_group_id=84&id=1682&name=Corn snack, fried, seasoned, different flavours"
239,T340,"ข้าวโพดอบกรอบ, ปรุงรส, กลิ่นต่างๆ","Corn puff, snack, seasoned, different flavours",-,2.27,38,56.01,-,-,-,-,0.8,100.000,555,34.07,-,-,-,-,-,1.54,-,1.0,-,-,-,5.78,-,-,596,5.70,0.00,-,-,0,-,0,"https://inmu.mahidol.ac.th/thaifcd//foodsearch/food_name/?dbcode=STD&food_group_id=84&id=1683&name=Corn puff, snack, seasoned, different flavours"
240,T341,"ข้าวโพดอบกรอบ, รสต่างๆ","Corn puff snack, different flavours",-,1.32,12,68.07,-,-,-,-,2.1,100.000,492,22.13,-,-,-,-,-,1.20,-,2.2,-,-,-,4.21,-,0.01,408,22.40,0.09,-,-,-,-,0,"https://inmu.mahidol.ac.th/thaifcd//foodsearch/food_name/?dbcode=STD&food_group_id=84&id=1684&name=Corn puff snack, different flavours"
241,T257,"ข้าวเหนียวปิ้ง, ไส้กล้วย","Khao-niao-ping (sticky rice mixed with coconut milk, filled with banana, wrapped in banana leaf, grilled)",-,1.40,-,47.83,-,-,-,-,1.6,-,232,2.90,-,-,-,-,-,-,-,43.5,-,-,-,2.80,-,-,210,4.80,-,-,1,-,-,8,"https://inmu.mahidol.ac.th/thaifcd//foodsearch/food_name/?dbcode=STD&food_group_id=84&id=1685&name=Khao-niao-ping (sticky rice mixed with coconut milk, filled with banana, wrapped in banana leaf, grilled)"
242,T258,"ข้าวเหนียวปิ้ง, ไส้เผือก","Khao-niao-ping (sticky rice mixed with coconut milk, filled with taro, wrapped in banana leaf, grilled)",-,1.45,15,-,49.35,-,-,-,-,-,-,4.55,-,-,-,-,-,0.60,-,41.9,-,-,-,2.80,-,-,224,3.45,-,250,-,-,-,-,"https://inmu.mahidol.ac.th/thaifcd//foodsearch/food_name/?dbcode=STD&food_group_id=84&id=1686&name=Khao-niao-ping (sticky rice mixed with coconut milk, filled with taro, wrapped in banana leaf, grilled)"
243,T259,"ข้าวเหนียวปิ้ง, ไส้มัน","Khao-niao-ping (sticky rice mixed with coconut milk, filled with sweet potato, wrapped in banana leaf, grilled)",-,1.20,14,-,50.95,-,-,-,-,-,-,4.25,-,-,-,-,-,-,-,41.2,-,-,-,2.45,-,-,216,1.35,-,252,8,-,-,92,"https://inmu.mahidol.ac.th/thaifcd//foodsearch/food_name/?dbcode=STD&food_group_id=84&id=1687&name=Khao-niao-ping (sticky rice mixed with coconut milk, filled with sweet potato, wrapped in banana leaf, grilled)"
244,T342,"งาและเมล็ดทานตะวัน, ผสมน้ำผึ้ง, แผ่น","Sesame and sunflower, seeds, honey mixed biscuit",Sesanum indicum and Helianthus annuus,2.70,206,23.60,-,-,-,-,9.6,-,598,45.80,-,-,-,-,-,3.57,-,0.2,-,-,-,18.10,-,0.05,52,16.90,0.06,-,-,-,-,-,"https://inmu.mahidol.ac.th/thaifcd//foodsearch/food_name/?dbcode=STD&food_group_id=84&id=1688&name=Sesame and sunflower, seeds, honey mixed biscuit"
245,T343,"เต้าหู้, ทอด","Soybean curd (tofu), fried",Glycine max,5.70,476,-,3.65,-,-,-,-,-,-,33.29,-,-,-,-,-,9.10,-,31.1,0.64,456,241,26.26,-,0.06,963,-,0.05,419,-,-,-,0,"https://inmu.mahidol.ac.th/thaifcd//foodsearch/food_name/?dbcode=STD&food_group_id=84&id=1690&name=Soybean curd (tofu), fried"
246,T344,"ถั่วปากอ้า, ทอด, คลุกเกลือ, เอาเปลือกออก, จากตลาด","Broad bean, deepfried, salted, dehulled, vendor packed",Vicia faba,3.43,55,35.20,-,0,-,-,9.6,-,467,21.61,7.95,0.05,2.64,2.68,9.90,6.73,76,2.0,1.78,-,963,28.18,-,0.10,359,1.09,0.21,-,-,-,4.43,-,"https://inmu.mahidol.ac.th/thaifcd//foodsearch/food_name/?dbcode=STD&food_group_id=84&id=1691&name=Broad bean, deepfried, salted, dehulled, vendor packed"
247,T345,"ถั่วปากอ้า, ทอด, อบเกลือ, บรรจุซอง","Broad bean, deepfried, salted, dehulled, industry packed",Vicia faba,3.02,39,32.93,-,-,-,-,11.3,-,489,27.09,-,-,-,-,-,2.87,-,3.1,-,-,-,22.61,-,-,468,1.03,0.23,-,-,-,-,-,"https://inmu.mahidol.ac.th/thaifcd//foodsearch/food_name/?dbcode=STD&food_group_id=84&id=1692&name=Broad bean, deepfried, salted, dehulled, industry packed"
248,T346,"ถั่วลันเตา, เคลือบ, อบกรอบ, รสต่างๆ","Sugar pea, deepfried, coated, crispy baked, different flavours",Pisum sativum,4.17,46,50.77,-,-,-,-,9.5,-,441,17.23,-,-,-,-,-,4.45,-,2.4,-,-,-,15.93,-,0.01,466,6.27,0.54,-,-,-,-,-,"https://inmu.mahidol.ac.th/thaifcd//foodsearch/food_name/?dbcode=STD&food_group_id=84&id=1693&name=Sugar pea, deepfried, coated, crispy baked, different flavours"
249,T347,"ถั่วลิสง, เคลือบน้ำตาล (จาก 3 ตลาด)","Peanut, sugar coated (from 3 markets)",Arachis hypogaea,1.87,36,53.88,-,0,0.00,-,4.3,-,494,23.44,10.25,0.00,5.24,5.29,6.25,2.74,103,1.9,3.91,-,329,14.63,-,0.02,226,43.81,0.44,-,-,-,1.87,-,"https://inmu.mahidol.ac.th/thaifcd//foodsearch/food_name/?dbcode=STD&food_group_id=84&id=1694&name=Peanut, sugar coated (from 3 markets)"
250,T348,"ถั่วลิสง, ทอด. อบเกลือ","Peanut, deep-fried, salted",Arachis hypogaea,3.20,54,5.01,-,-,-,-,11.1,-,630,53.33,-,-,-,-,-,1.40,-,0.3,-,-,-,27.03,-,0.04,293,3.33,0.10,-,-,-,-,-,"https://inmu.mahidol.ac.th/thaifcd//foodsearch/food_name/?dbcode=STD&food_group_id=84&id=1695&name=Peanut, deep-fried, salted"
251,T349,"ถั่วลิสง, ผสมแป้ง, ทอด","Peanut, battered, deep-fried",Arachis hypogaea,3.23,70,34.33,-,0,-,-,5.1,-,559,37.80,11.54,0.07,7.82,7.91,16.44,2.33,-,1.8,-,-,-,17.77,-,-,444,-,-,-,-,-,-,-,"https://inmu.mahidol.ac.th/thaifcd//foodsearch/food_name/?dbcode=STD&food_group_id=84&id=1696&name=Peanut, battered, deep-fried"
252,T350,"ถั่วลิสง, อบ, เคลือบ, รสกะทิ","Peanut, roasted, coconut milk mix coated",Arachis hypogaea,2.35,40,34.80,-,-,-,-,4.8,-,568,38.56,-,-,-,-,-,2.20,-,1.5,-,-,-,18.11,-,0.02,256,9.00,-,-,-,-,-,0,"https://inmu.mahidol.ac.th/thaifcd//foodsearch/food_name/?dbcode=STD&food_group_id=84&id=1697&name=Peanut, roasted, coconut milk mix coated"
253,T351,"ถั่วลิสง, อบน้ำผึ้ง","Peanut, roasted,  honey coated",Arachis hypogaea,3.15,33,13.88,-,-,-,-,12.6,-,586,44.90,-,-,-,-,-,1.60,-,0.3,-,-,-,25.17,-,0.02,315,12.70,0.26,-,-,-,-,0,"https://inmu.mahidol.ac.th/thaifcd//foodsearch/food_name/?dbcode=STD&food_group_id=84&id=1698&name=Peanut, roasted,  honey coated"
254,T353,"ทานตะวัน, เมล็ด, เคลือบช็อคโกแลต","Sunflower seeds, chocolate coated",Helianthus annuus,2.36,53,60.10,-,-,-,-,6.2,-,488,23.23,-,-,-,-,-,2.30,-,1.6,-,-,-,6.54,-,0.12,88,49.32,0.09,-,-,-,-,-,"https://inmu.mahidol.ac.th/thaifcd//foodsearch/food_name/?dbcode=STD&food_group_id=84&id=1699&name=Sunflower seeds, chocolate coated"
255,T352,"ทานตะวัน, เมล็ด, แผ่น","Sunflower, seeds, sugar coated, biscuit",Helianthus annuus,2.30,115,19.30,-,-,-,-,9.8,-,620,49.90,-,-,-,-,-,2.23,-,0.3,-,-,-,18.40,-,0.04,40,15.80,1.30,-,-,-,-,-,"https://inmu.mahidol.ac.th/thaifcd//foodsearch/food_name/?dbcode=STD&food_group_id=84&id=1700&name=Sunflower, seeds, sugar coated, biscuit"
256,T354,"ทานตะวัน, เมล็ด, อบเกลือ","Sunflowers, seeds, salted",Helianthus annuus,3.70,136,8.18,-,0,-,-,12.3,-,615,51.14,19.89,0.14,23.20,23.35,5.29,3.50,-,1.1,-,-,-,24.40,-,0.02,202,8.18,0.89,-,-,-,-,-,"https://inmu.mahidol.ac.th/thaifcd//foodsearch/food_name/?dbcode=STD&food_group_id=84&id=1701&name=Sunflowers, seeds, salted"
257,T355,"ทานตะวัน, เมล็ด, อบน้ำผึ้ง","Sunflower seeds, honey coated",Helianthus annuus,3.60,116,13.70,-,-,-,-,10.6,-,610,49.95,-,-,-,-,-,3.12,-,1.1,-,-,-,21.15,-,0.03,252,12.20,0.88,-,-,-,-,-,"https://inmu.mahidol.ac.th/thaifcd//foodsearch/food_name/?dbcode=STD&food_group_id=84&id=1702&name=Sunflower seeds, honey coated"
258,T356,"ทุเรียน, ทอดอบกรอบ","Durian, crispy fried",Durio zibethinus,3.03,12,57.29,-,-,-,-,5.2,-,508,27.75,-,-,-,-,-,0.70,-,2.1,-,-,-,4.63,-,0.22,46,20.93,0.51,-,-,-,-,-,"https://inmu.mahidol.ac.th/thaifcd//foodsearch/food_name/?dbcode=STD&food_group_id=84&id=1703&name=Durian, crispy fried"
259,T357,"ทุเรียน, อบกรอบ","Durian, crispy, baked",Durio zibethinus,1.80,-,49.40,-,-,-,-,6.4,-,553,36.50,-,-,-,-,-,0.60,-,2.4,-,-,-,3.50,-,0.05,133,6.80,0.28,-,-,-,-,-,"https://inmu.mahidol.ac.th/thaifcd//foodsearch/food_name/?dbcode=STD&food_group_id=84&id=1704&name=Durian, crispy, baked"
260,T358,"นัท, คอกเทล, อบเกลือ","Nuts, mixed, cocktail, salted",-,3.10,111,11.30,-,-,-,-,8.5,-,632,53.40,-,-,-,-,-,3.80,-,1.3,-,-,-,22.40,-,0.02,170,1.50,0.85,-,-,-,-,-,"https://inmu.mahidol.ac.th/thaifcd//foodsearch/food_name/?dbcode=STD&food_group_id=84&id=1705&name=Nuts, mixed, cocktail, salted"
261,T359,"นัท, คอกเทล, อบน้ำผึ้ง","Nuts, mixed, cocktail, roasted with honey",-,2.90,121,29.10,-,-,-,-,7.4,-,606,47.80,-,-,-,-,-,3.70,-,1.6,-,-,-,11.20,-,0.01,186,2.90,0.90,-,-,-,-,-,"https://inmu.mahidol.ac.th/thaifcd//foodsearch/food_name/?dbcode=STD&food_group_id=84&id=1706&name=Nuts, mixed, cocktail, roasted with honey"
262,T363,"ปลา, เส้น, ปรุงรสต่างๆ","Fish, snack, seasoned",-,8.99,54,55.61,-,-,-,-,0.3,-,332,1.54,-,-,-,-,-,2.28,-,9.8,-,-,-,23.75,-,0.02,"1,862",13.85,0.04,-,-,-,-,-,"https://inmu.mahidol.ac.th/thaifcd//foodsearch/food_name/?dbcode=STD&food_group_id=84&id=1707&name=Fish, snack, seasoned"
263,T361,"ปลาแผ่นบด, ปรุงรส, รสต่างๆ","Fish, sheet, seasoned, different flavors",-,8.70,59,56.35,-,32,-,-,2.0,-,317,1.60,0.43,0.01,0.02,0.28,0.77,1.30,-,13.0,-,-,-,18.40,-,-,"2,188",23.50,-,-,-,-,-,-,"https://inmu.mahidol.ac.th/thaifcd//foodsearch/food_name/?dbcode=STD&food_group_id=84&id=1708&name=Fish, sheet, seasoned, different flavors"
264,T362,"ปลาหมึก, เส้น, ปรุงรส","Squid, strip, seasoned",-,7.65,93,-,4.47,771,-,-,-,-,-,3.83,0.43,1.59,0.00,1.59,1.63,1.08,-,21.1,-,-,-,62.96,-,0.07,"1,747",3.10,0.13,304,-,-,-,-,"https://inmu.mahidol.ac.th/thaifcd//foodsearch/food_name/?dbcode=STD&food_group_id=84&id=1709&name=Squid, strip, seasoned"
265,T95,"ปอเปี๊ยะ, กุ้ง","Spring rolls, shrimp",-,1.84,119,21.02,-,-,-,-,2.0,-,160,2.29,-,-,-,-,-,0.65,-,60.1,-,-,-,12.75,-,-,294,1.56,-,-,-,-,-,-,"https://inmu.mahidol.ac.th/thaifcd//foodsearch/food_name/?dbcode=STD&food_group_id=84&id=1710&name=Spring rolls, shrimp"
266,T166,ปอเปี๊ยะสด,"Spring roll, non-fried",-,-,-,24.13,-,-,-,-,1.7,-,170,5.57,-,-,-,-,-,-,-,63.6,-,-,-,4.99,-,-,375,-,-,-,-,-,-,-,"https://inmu.mahidol.ac.th/thaifcd//foodsearch/food_name/?dbcode=STD&food_group_id=84&id=1711&name=Spring roll, non-fried"
267,T156,ปาท่องโก๋,Pa-tong-ko (Deep-fried doughstick),-,1.80,-,46.28,-,0,-,-,0.9,-,436,25.67,9.77,-,-,3.44,11.14,-,-,21.0,-,-,-,4.38,-,-,-,-,-,-,-,-,-,-,https://inmu.mahidol.ac.th/thaifcd//foodsearch/food_name/?dbcode=STD&food_group_id=84&id=1712&name=Pa-tong-ko (Deep-fried doughstick)
268,T360,"ปาท่องโก๋ซาลาเปา, ทอด","Pa-tong-ko-salapao (Chinese bun, dough, deep-fried)",-,0.76,14,43.95,-,-,0.07,-,4.2,-,396,20.63,-,-,-,-,-,0.62,21,24.0,-,82,75,6.50,-,-,236,8.17,-,-,-,-,0.39,-,"https://inmu.mahidol.ac.th/thaifcd//foodsearch/food_name/?dbcode=STD&food_group_id=84&id=1713&name=Pa-tong-ko-salapao (Chinese bun, dough, deep-fried)"
269,T266,เผือกฉาบ,Sweet taro crisps,-,3.35,65,54.88,-,0,-,-,6.3,-,495,27.37,2.55,0.00,0.69,0.69,22.91,1.90,-,3.9,-,-,-,4.20,-,-,234,0.97,-,-,-,-,-,-,https://inmu.mahidol.ac.th/thaifcd//foodsearch/food_name/?dbcode=STD&food_group_id=84&id=1714&name=Sweet taro crisps
270,T365,เผือกชุบแป้งทอด,"Taro, batter-fried",-,1.60,28,36.42,-,-,0.21,-,3.6,-,281,12.40,-,-,-,-,-,0.71,39,41.8,0.36,130,468,4.20,-,0.02,195,10.99,0.09,-,-,-,1.41,-,"https://inmu.mahidol.ac.th/thaifcd//foodsearch/food_name/?dbcode=STD&food_group_id=84&id=1715&name=Taro, batter-fried"
271,T366,พายกรอบ,"Pie, crispy",-,1.95,25,48.60,-,-,-,-,3.0,-,564,36.35,-,-,-,-,-,0.70,-,1.1,-,-,-,9.05,13,0.06,442,14.30,0.19,-,13,-,-,-,"https://inmu.mahidol.ac.th/thaifcd//foodsearch/food_name/?dbcode=STD&food_group_id=84&id=1716&name=Pie, crispy"
272,T367,"พิชตาชิโอ, อบเกลือ","Pistachio nut, shelled,  roasted, salted",Pistacia vera,4.71,122,10.99,-,-,-,-,8.0,-,631,54.44,-,-,-,-,-,2.06,-,1.7,-,-,-,20.17,-,0.17,501,7.04,0.37,-,-,-,-,-,"https://inmu.mahidol.ac.th/thaifcd//foodsearch/food_name/?dbcode=STD&food_group_id=84&id=1717&name=Pistachio nut, shelled,  roasted, salted"
273,T267,ฟักทองฉาบ,Sweet pumpkin crisps,-,2.65,30,48.35,-,0,-,-,7.4,-,526,33.05,8.21,0.28,2.81,3.10,19.64,2.50,-,3.4,-,-,-,5.20,-,-,184,17.70,-,-,259,-,-,"3,106",https://inmu.mahidol.ac.th/thaifcd//foodsearch/food_name/?dbcode=STD&food_group_id=84&id=1718&name=Sweet pumpkin crisps
274,T270,"มะตะบะ, ไส้กล้วย","Murtabak, banana",-,0.90,-,-,30.13,95,-,-,-,-,-,10.63,3.71,0.06,1.09,1.16,5.31,1.03,-,53.1,-,-,-,5.27,-,-,126,-,-,237,-,-,-,-,"https://inmu.mahidol.ac.th/thaifcd//foodsearch/food_name/?dbcode=STD&food_group_id=84&id=1719&name=Murtabak, banana"
275,T268,"มะตะบะ, ไส้ไก่","Murtabak, chicken",-,2.30,-,-,30.13,78,-,-,-,-,-,11.50,3.45,0.26,2.43,2.70,4.84,1.43,-,46.1,-,-,-,10.00,-,-,493,-,-,264,-,-,-,-,"https://inmu.mahidol.ac.th/thaifcd//foodsearch/food_name/?dbcode=STD&food_group_id=84&id=1720&name=Murtabak, chicken"
276,T269,"มะตะบะ, ไส้เนื้อ","Murtabak, beef",-,2.30,-,-,28.73,63,-,-,-,-,-,13.80,3.45,0.19,2.33,2.52,5.48,1.60,-,44.8,-,-,-,10.40,-,-,467,-,-,281,-,-,-,-,"https://inmu.mahidol.ac.th/thaifcd//foodsearch/food_name/?dbcode=STD&food_group_id=84&id=1721&name=Murtabak, beef"
277,T271,"มะตะบะ, ไส้ผลไม้รวม","Murtabak, mixed fruits",-,1.67,-,-,43.37,46,-,-,-,-,-,6.57,2.38,0.05,0.83,0.88,3.03,1.00,-,42.9,-,-,-,5.53,-,-,316,-,-,255,-,-,-,-,"https://inmu.mahidol.ac.th/thaifcd//foodsearch/food_name/?dbcode=STD&food_group_id=84&id=1722&name=Murtabak, mixed fruits"
278,T368,"มะม่วงหิมพานต์, เมล็ด, อบเกลือ","Catshew nut, shelled, salted, canned",Anacardium occidentale,2.88,38,23.56,-,-,-,-,4.3,-,613,47.55,-,-,-,-,-,0.59,-,1.1,-,-,-,20.60,-,0.05,300,4.01,0.28,-,-,-,-,-,"https://inmu.mahidol.ac.th/thaifcd//foodsearch/food_name/?dbcode=STD&food_group_id=84&id=1723&name=Catshew nut, shelled, salted, canned"
279,T369,"มะม่วงหิมพานต์, เมล็ด, อบเนย","Catshew nut, shelled, roasted with butter",Anacardium occidentale,2.60,32,23.90,-,-,-,-,5.1,-,609,47.30,-,-,-,-,-,-,-,1.8,1.10,453,-,19.30,-,0.18,-,-,0.46,-,0,0,-,0,"https://inmu.mahidol.ac.th/thaifcd//foodsearch/food_name/?dbcode=STD&food_group_id=84&id=1724&name=Catshew nut, shelled, roasted with butter"
280,T374,มันเทศชุบแป้งทอด,"Sweet potato, batter-fried",Ipomoea batatas,1.15,42,36.16,-,-,0.16,-,3.4,-,279,12.92,-,-,-,-,-,0.53,27,43.5,0.52,99,249,2.84,-,0.02,190,13.61,0.04,-,-,-,0.77,-,"https://inmu.mahidol.ac.th/thaifcd//foodsearch/food_name/?dbcode=STD&food_group_id=84&id=1725&name=Sweet potato, batter-fried"
281,T375,"มันฝรั่ง, ทอดกรอบ, รสต่างๆ","Potato chip, fried, mixed flavours",Solanum tuberosum,3.21,20,55.16,-,0,-,-,3.5,-,530,31.15,12.83,-,-,1.67,13.20,1.17,-,1.5,-,-,-,5.54,-,0.03,445,1.78,0.14,-,-,-,-,-,"https://inmu.mahidol.ac.th/thaifcd//foodsearch/food_name/?dbcode=STD&food_group_id=84&id=1726&name=Potato chip, fried, mixed flavours"
282,T376,"มันฝรั่ง, ทอดกรอบ, รสธรรมชาติ","Potato chip, fried, original",Solanum tuberosum,4.10,19,49.37,-,0,-,-,4.2,-,534,33.50,-,-,-,-,13.30,1.18,-,2.0,-,-,-,6.80,-,0.09,411,0.60,0.19,-,-,-,-,-,"https://inmu.mahidol.ac.th/thaifcd//foodsearch/food_name/?dbcode=STD&food_group_id=84&id=1727&name=Potato chip, fried, original"
283,T377,"มันฝรั่ง, อบกรอบ, รสต่างๆ","Potato chip, baked, mixed flavours",Solanum tuberosum,4.30,-,63.43,-,-,-,-,3.2,-,460,19.90,-,-,-,-,-,1.24,-,4.0,-,-,-,5.20,-,0.08,826,1.57,0.14,-,-,-,-,-,"https://inmu.mahidol.ac.th/thaifcd//foodsearch/food_name/?dbcode=STD&food_group_id=84&id=1728&name=Potato chip, baked, mixed flavours"
284,T378,"มันสำปะหลัง, ปั้นกลม, ปิ้ง","Cassava, ball, baked",-,1.52,-,-,48.13,-,-,-,-,-,-,3.94,-,-,-,-,-,-,-,45.7,-,-,-,0.77,-,-,134,16.09,-,231,-,-,-,-,"https://inmu.mahidol.ac.th/thaifcd//foodsearch/food_name/?dbcode=STD&food_group_id=84&id=1729&name=Cassava, ball, baked"
285,T272,เมี่ยงคำใต้,Miang kham (leaf wrapped bites),-,1.98,122,29.52,-,-,-,-,7.4,-,274,13.26,-,-,-,-,-,-,-,42.5,-,-,-,5.42,-,-,333,20.62,-,-,-,2,-,-,https://inmu.mahidol.ac.th/thaifcd//foodsearch/food_name/?dbcode=STD&food_group_id=84&id=1730&name=Miang kham (leaf wrapped bites)
286,T370,"แมคคาเดเมียนัท, ผสมสมุนไพร, ดอยตุง","Macadamia, roasted,with herbs, Doi Tung product",Macadamia integrifolia,2.30,66,7.90,-,-,-,-,9.7,-,715,69.60,-,-,-,-,-,2.00,-,1.0,-,-,-,9.50,-,0.03,192,1.30,0.36,-,-,2,-,-,"https://inmu.mahidol.ac.th/thaifcd//foodsearch/food_name/?dbcode=STD&food_group_id=84&id=1731&name=Macadamia, roasted,with herbs, Doi Tung product"
287,T371,"แมคคาเดเมียนัท, อบ, ปรุงรสต่างๆ","Macadamia, roasted, different flavours",Macadamia integrifolia,1.90,50,10.23,-,-,-,-,5.3,-,746,73.43,-,-,-,-,-,2.07,-,0.6,-,-,-,8.47,-,0.01,193,3.20,1.22,-,-,-,-,-,"https://inmu.mahidol.ac.th/thaifcd//foodsearch/food_name/?dbcode=STD&food_group_id=84&id=1732&name=Macadamia, roasted, different flavours"
288,T372,"แมคคาเดเมียนัท, อบ, ปรุงรสน้ำผึ้ง, ดอยตุง","Macadamia, roasted, honey flavour, Doi Tung product",Macadamia integrifolia,1.10,39,17.50,-,-,-,-,7.2,-,704,65.40,-,-,-,-,-,2.20,-,1.0,-,-,-,7.80,-,0.02,35,15.30,0.55,-,-,-,-,-,"https://inmu.mahidol.ac.th/thaifcd//foodsearch/food_name/?dbcode=STD&food_group_id=84&id=1733&name=Macadamia, roasted, honey flavour, Doi Tung product"
289,T373,"แมคคาเดเมียนัท, อบเกลือ","Macadamia, roasted, salted",Macadamia integrifolia,2.20,46,3.52,-,-,-,-,9.1,-,748,75.48,-,-,-,-,-,2.15,-,0.7,-,-,-,9.05,-,0.02,229,3.00,0.70,-,-,-,-,-,"https://inmu.mahidol.ac.th/thaifcd//foodsearch/food_name/?dbcode=STD&food_group_id=84&id=1734&name=Macadamia, roasted, salted"
290,T379,"อัลมอนด์, อบเกลือ","Almond, roasted, salted",Prunus dulcis,4.00,299,4.80,-,-,-,-,10.9,-,627,53.60,-,-,-,-,-,2.90,-,0.9,-,-,-,25.80,-,-,229,3.20,-,-,-,-,-,-,"https://inmu.mahidol.ac.th/thaifcd//foodsearch/food_name/?dbcode=STD&food_group_id=84&id=1735&name=Almond, roasted, salted"
291,T380,"ขนมปังกรอบ, รสต่างๆ (ซุปไก่ ผัก หัวหอม)","Bread, crispy, mixed flavours",-,2.10,27,67.84,-,-,-,-,2.7,-,474,18.85,-,-,-,-,-,0.85,-,1.7,-,-,-,6.80,-,0.09,475,17.65,0.14,-,0,-,-,0,"https://inmu.mahidol.ac.th/thaifcd//foodsearch/food_name/?dbcode=STD&food_group_id=84&id=1736&name=Bread, crispy, mixed flavours"
292,T381,"ขนมปังขาไก่, รสต่างๆ","Breadstick, mixed flavours",-,3.01,37,67.23,-,-,-,-,3.0,-,456,16.07,-,-,-,-,8.37,0.89,-,1.5,-,-,-,9.15,-,0.09,595,6.58,0.62,-,-,-,-,-,"https://inmu.mahidol.ac.th/thaifcd//foodsearch/food_name/?dbcode=STD&food_group_id=84&id=1737&name=Breadstick, mixed flavours"
293,T382,ขนมปังชีสเชคไส้สับปะรด,"Cheese shake biscuit, sandwiched with preserved pineapple",-,1.45,94,59.77,-,-,-,-,22.0,-,347,4.95,-,-,-,-,-,0.70,-,7.1,-,-,-,4.75,26,0.04,334,39.50,0.11,-,26,-,-,-,"https://inmu.mahidol.ac.th/thaifcd//foodsearch/food_name/?dbcode=STD&food_group_id=84&id=1738&name=Cheese shake biscuit, sandwiched with preserved pineapple"
294,T383,ขนมปังแซนวิช,"Bread, sandwich",-,1.56,49,43.97,-,-,-,-,4.1,100.000,290,6.89,1.64,0.03,0.02,0.84,3.34,0.87,-,32.6,-,-,-,10.94,-,0.03,353,3.21,0.15,-,0,-,-,-,"https://inmu.mahidol.ac.th/thaifcd//foodsearch/food_name/?dbcode=STD&food_group_id=84&id=1739&name=Bread, sandwich"
295,T384,ขนมปังนมสด,Milk bun,-,2.50,193,47.06,-,-,-,-,3.1,100.000,279,4.54,1.04,0.02,0.51,0.53,2.33,1.20,-,31.8,1.30,-,-,11.00,-,0.08,413,6.70,0.04,-,14,-,-,-,https://inmu.mahidol.ac.th/thaifcd//foodsearch/food_name/?dbcode=STD&food_group_id=84&id=1740&name=Milk bun
296,T385,ขนมปังหวาน,Sweetened Bun,-,1.97,32,51.73,-,-,0.12,-,1.9,100.000,313,7.17,1.89,0.03,0.75,0.78,3.54,0.73,-,27.8,-,-,-,9.43,-,-,409,-,-,-,-,-,0.77,-,https://inmu.mahidol.ac.th/thaifcd//foodsearch/food_name/?dbcode=STD&food_group_id=84&id=1741&name=Sweetened Bun
297,T386,ขนมปังโฮลวีท,"Bread, whole wheat",-,1.98,83,41.29,-,-,-,-,5.9,100.000,273,5.38,-,-,-,-,-,1.87,41,33.5,2.64,-,137,11.88,-,0.23,415,7.20,0.21,-,0,-,-,0,"https://inmu.mahidol.ac.th/thaifcd//foodsearch/food_name/?dbcode=STD&food_group_id=84&id=1742&name=Bread, whole wheat"
298,T387,ขนมเวเฟอร์สอดไส้ครีม,"Wafer, sandwiched with layers of cream",-,1.05,46,63.65,-,-,-,-,1.4,100.000,521,27.05,-,-,-,-,-,0.90,-,1.8,-,-,-,5.15,-,0.05,183,27.05,0.28,-,0,-,-,0,"https://inmu.mahidol.ac.th/thaifcd//foodsearch/food_name/?dbcode=STD&food_group_id=84&id=1743&name=Wafer, sandwiched with layers of cream"
299,T388,"คุกกี้, บัตเตอร์ & ชีส, รสกาแฟ,วานิลลา","Cookies, butter & cheese, coffee, vanila flavours",-,2.10,59,59.20,-,-,-,-,2.3,100.000,515,27.50,10.18,0.08,1.46,1.54,14.55,1.65,-,2.5,-,-,-,6.45,-,0.08,426,34.55,0.41,-,218,-,-,-,"https://inmu.mahidol.ac.th/thaifcd//foodsearch/food_name/?dbcode=STD&food_group_id=84&id=1744&name=Cookies, butter & cheese, coffee, vanila flavours"
300,T389,"คุกกี้, ผสมช็อคโกแลตชิฟ","Cookies, chocolate chip",-,1.25,25,67.67,-,-,-,-,0.9,100.000,500,22.45,-,-,-,-,17.42,1.08,-,1.4,-,-,-,6.37,-,0.06,307,27.62,0.13,-,6,-,-,-,"https://inmu.mahidol.ac.th/thaifcd//foodsearch/food_name/?dbcode=STD&food_group_id=84&id=1745&name=Cookies, chocolate chip"
301,T390,"คุ้กกี้, รสเนย","Cookies, butter flavoured",-,1.18,25,59.15,-,-,-,-,2.5,100.000,524,27.90,8.03,0.10,0.10,1.33,16.38,0.81,-,1.4,10.32,-,-,7.84,-,0.42,305,25.06,0.42,-,175,23,-,0,"https://inmu.mahidol.ac.th/thaifcd//foodsearch/food_name/?dbcode=STD&food_group_id=84&id=1746&name=Cookies, butter flavoured"
302,T391,"คุกกี้, สิงคโปร์","Cookies, Singapore",-,1.50,14,59.40,-,-,-,-,2.4,100.000,502,25.77,-,-,-,-,12.52,1.40,-,4.0,-,-,-,6.91,-,0.01,288,17.95,0.19,-,-,-,-,-,"https://inmu.mahidol.ac.th/thaifcd//foodsearch/food_name/?dbcode=STD&food_group_id=84&id=1747&name=Cookies, Singapore"
303,T392,"เค้ก, ชิฟฟอน, รสกาแฟและใบเตย","Cake, chiffon, coffee, pandan flavours",-,1.35,22,33.35,-,-,-,-,2.2,100.000,409,28.10,-,-,-,-,13.19,0.50,-,30.5,-,-,-,4.55,-,0.12,140,25.50,0.02,-,188,0,-,-,"https://inmu.mahidol.ac.th/thaifcd//foodsearch/food_name/?dbcode=STD&food_group_id=84&id=1748&name=Cake, chiffon, coffee, pandan flavours"
304,T393,"เค้ก, เนย","Cake, butter",-,1.45,-,36.32,-,-,-,-,0.0,100.000,393,24.27,6.55,0.07,-,1.39,14.66,-,-,30.6,-,-,-,7.34,-,-,-,19.10,0.05,-,-,1,-,-,"https://inmu.mahidol.ac.th/thaifcd//foodsearch/food_name/?dbcode=STD&food_group_id=84&id=1749&name=Cake, butter"
305,T394,วาฟเฟิล,Waffle,-,1.43,-,-,45.23,-,-,-,-,-,-,20.34,-,-,-,-,-,-,-,25.0,-,-,-,8.00,60,-,244,17.26,-,396,60,-,-,-,https://inmu.mahidol.ac.th/thaifcd//foodsearch/food_name/?dbcode=STD&food_group_id=84&id=1750&name=Waffle
306,T219,น้ำพริก (สำหรับขนมจีน),Peanut curry sauce for fermented rice noodles (Nam-prik),-,3.00,-,20.77,-,2,-,-,1.5,-,270,18.53,5.04,0.29,6.27,6.56,6.13,-,-,52.0,-,-,374,4.23,-,-,445,12.90,-,-,-,-,-,-,https://inmu.mahidol.ac.th/thaifcd//foodsearch/food_name/?dbcode=STD&food_group_id=84&id=1751&name=Peanut curry sauce for fermented rice noodles (Nam-prik)
307,T218,น้ำยา,Curry sauce for fermented rice noodles (Nam-ya),-,3.24,30,3.62,-,7,-,-,1.6,-,137,11.42,3.58,0.08,3.24,3.32,4.05,3.10,-,75.9,-,-,358,4.24,-,0.05,532,2.44,-,-,-,-,-,-,https://inmu.mahidol.ac.th/thaifcd//foodsearch/food_name/?dbcode=STD&food_group_id=84&id=1752&name=Curry sauce for fermented rice noodles (Nam-ya)
308,T221,ปลาแนม,"Pla-nam ( Fish, shredded, mixed with slices of pork skin)",-,1.63,-,48.13,-,-,-,-,0.0,-,227,1.37,-,-,-,-,-,0.40,-,43.3,-,-,-,5.53,-,-,333,-,-,-,-,-,-,-,"https://inmu.mahidol.ac.th/thaifcd//foodsearch/food_name/?dbcode=STD&food_group_id=84&id=1753&name=Pla-nam ( Fish, shredded, mixed with slices of pork skin)"
309,T395,สปาเก็ตตี้ซอส รสต่างๆ,"Spaghetti sauce,  different flavours",-,2.52,14,9.12,-,-,-,-,1.9,-,102,4.97,-,-,-,-,-,0.35,-,77.3,-,-,-,4.25,-,-,656,9.72,-,-,-,-,-,-,"https://inmu.mahidol.ac.th/thaifcd//foodsearch/food_name/?dbcode=STD&food_group_id=84&id=1754&name=Spaghetti sauce,  different flavours"
310,T232,ไส้กรอก (กินกับปลาแนม),"Sausages, traditional Thai style",-,2.80,-,-,22.27,-,-,-,-,-,-,31.10,-,-,-,-,-,1.90,-,23.3,-,-,-,20.50,-,-,456,-,-,451,-,-,-,-,"https://inmu.mahidol.ac.th/thaifcd//foodsearch/food_name/?dbcode=STD&food_group_id=84&id=1755&name=Sausages, traditional Thai style"
311,T233,"ไส้กรอก, ข้าว (มีหมูสับ), ย่าง","Sausage, rice (with minced pork), grilled",-,3.30,29,16.70,-,69,-,-,1.7,-,299,19.27,7.74,0.31,3.47,3.90,6.73,1.73,-,45.2,-,-,-,13.83,-,-,677,-,0.24,-,-,-,-,-,"https://inmu.mahidol.ac.th/thaifcd//foodsearch/food_name/?dbcode=STD&food_group_id=84&id=1756&name=Sausage, rice (with minced pork), grilled"
312,T14,"ไส้กรอก, อีสาน","Sausage, rice and pork, fermented, northeastern style",-,2.03,-,-,6.87,75,-,-,-,-,-,43.24,15.34,-,-,7.15,18.85,-,-,35.0,-,-,-,12.88,-,-,-,-,-,468,-,-,-,-,"https://inmu.mahidol.ac.th/thaifcd//foodsearch/food_name/?dbcode=STD&food_group_id=84&id=1757&name=Sausage, rice and pork, fermented, northeastern style"
313,T128,"ไส้กรอก, อีสาน, ทอด","Sausage, rice and pork, fermented, northeastern style, fried",-,2.77,46,14.57,-,-,0.20,-,1.1,-,392,28.90,-,-,-,-,-,1.70,15,34.8,3.19,172,230,17.86,0,0.28,820,-,0.23,-,-,0,0.90,-,"https://inmu.mahidol.ac.th/thaifcd//foodsearch/food_name/?dbcode=STD&food_group_id=84&id=1758&name=Sausage, rice and pork, fermented, northeastern style, fried"
314,T281,หน้าตั้ง (สำหรับข้าวตัง),"Na tang (spicy sauce with pork, prawn and peanut for crispy rice)",-,2.10,-,12.40,-,18,-,-,2.1,-,220,13.60,4.24,0.07,4.35,4.41,4.39,-,-,58.8,-,-,384,11.10,-,-,208,11.35,-,-,-,-,-,-,"https://inmu.mahidol.ac.th/thaifcd//foodsearch/food_name/?dbcode=STD&food_group_id=84&id=1759&name=Na tang (spicy sauce with pork, prawn and peanut for crispy rice)"
